,model,numberPoints,Paplp0_lbound,Paplp0_ubound,Paplp1_lbound,Paplp1_ubound,Pcn0_lbound,Pcn0_ubound,Pcn1_lbound,Pcn1_ubound,Ptrue0_lbound,Ptrue0_ubound,Ptrue1_lbound,Ptrue1_ubound,Puq0_lbound,Puq0_ubound,Puq1_lbound,Puq1_ubound,cn_time,em_iter,em_time,inside,num_points,precise0,precise1,uq_time
0,tree6_49788.uai,20,0.31875200000000004,0.61904,0.38095999999999997,0.681248,0.5987356874276082,0.5987356874276082,0.40126431257239187,0.40126431257239187,0.318752,0.6190399999999999,0.38096,0.6812480000000001,0.5987356874276081,0.5987356874276081,0.4012643125723918,0.4012643125723918,8.590296,11.0,3791.0,1.0,1.0,0.5987356874276081,0.4012643125723918,2.236346
1,tree6_49788.uai,20,0.31875200000000004,0.61904,0.38095999999999997,0.681248,0.3752336463468513,0.5989307655769928,0.40106923442300724,0.6247663536531487,0.318752,0.6190399999999999,0.38096,0.6812480000000001,0.3753020660289435,0.5987356874276081,0.4012643125723918,0.6246979339710563,17.291307,17.0,3757.0,1.0,2.0,0.3753020660289435,0.6246979339710563,0.377208
2,tree6_49788.uai,20,0.31875200000000004,0.61904,0.38095999999999997,0.681248,0.3752336463468513,0.6007990097759824,0.39920099022401756,0.6247663536531487,0.318752,0.6190399999999999,0.38096,0.6812480000000001,0.3753020660289435,0.5987356874276081,0.4012643125723918,0.6246979339710563,14.908313,20.0,4276.0,1.0,3.0,0.5738115426379762,0.4261884573620235,0.458645
3,tree6_49788.uai,20,0.31875200000000004,0.61904,0.38095999999999997,0.681248,0.3269771889800749,0.6007990097759824,0.39920099022401756,0.6730228110199251,0.318752,0.6190399999999999,0.38096,0.6812480000000001,0.3269833310237048,0.5987356874276081,0.4012643125723918,0.6730166689762954,16.958449,23.0,4880.0,1.0,4.0,0.3269833310237048,0.6730166689762954,0.28114700000000004
4,tree6_49788.uai,20,0.31875200000000004,0.61904,0.38095999999999997,0.681248,0.3269771889800749,0.6009570787636911,0.39904292123630886,0.6730228110199251,0.318752,0.6190399999999999,0.38096,0.6812480000000001,0.3269833310237048,0.5987356874276081,0.4012643125723918,0.6730166689762954,20.911823,19.0,4069.0,1.0,5.0,0.3689849328145033,0.6310150671854968,0.420392
5,tree6_49788.uai,20,0.31875200000000004,0.61904,0.38095999999999997,0.681248,0.32696384125689304,0.6009570787636911,0.39904292123630886,0.6730361587431066,0.318752,0.6190399999999999,0.38096,0.6812480000000001,0.3269833310237048,0.5987356874276081,0.4012643125723918,0.6730166689762954,26.07857,11.0,2336.0,1.0,6.0,0.43648677040911366,0.5635132295908866,0.335626
6,tree6_49788.uai,20,0.31875200000000004,0.61904,0.38095999999999997,0.681248,0.32696384125689304,0.6009646811664233,0.39903531883357674,0.6730361587431066,0.318752,0.6190399999999999,0.38096,0.6812480000000001,0.3269833310237048,0.5987356874276081,0.4012643125723918,0.6730166689762954,22.660819,8.0,1764.0,1.0,7.0,0.3691339392584107,0.6308660607415892,1.79872
7,tree6_49788.uai,20,0.31875200000000004,0.61904,0.38095999999999997,0.681248,0.32696384125689304,0.6009646811664233,0.39903531883357674,0.6730361587431066,0.318752,0.6190399999999999,0.38096,0.6812480000000001,0.3269833310237048,0.5987356874276081,0.4012643125723918,0.6730166689762954,20.379522,18.0,3911.0,1.0,8.0,0.36096629922633505,0.639033700773665,0.507864
8,tree6_49788.uai,20,0.31875200000000004,0.61904,0.38095999999999997,0.681248,0.32696384125689304,0.6009770097357103,0.3990229902642897,0.6730361587431066,0.318752,0.6190399999999999,0.38096,0.6812480000000001,0.3269833310237048,0.5987356874276081,0.4012643125723918,0.6730166689762954,24.16808,16.0,3449.0,1.0,9.0,0.5742616041517797,0.42573839584822015,0.356521
9,tree6_49788.uai,20,0.31875200000000004,0.61904,0.38095999999999997,0.681248,0.32696384125689304,0.6009770097357103,0.3990229902642897,0.6730361587431066,0.318752,0.6190399999999999,0.38096,0.6812480000000001,0.3269833310237048,0.5987356874276081,0.4012643125723918,0.6730166689762954,23.273986,16.0,3419.0,1.0,10.0,0.43081272287380196,0.5691872771261979,0.454049
10,tree6_49788.uai,20,0.31875200000000004,0.61904,0.38095999999999997,0.681248,0.32696384125689304,0.6021503196776622,0.39784968032233775,0.6730361587431066,0.318752,0.6190399999999999,0.38096,0.6812480000000001,0.3269833310237048,0.5987356874276081,0.4012643125723918,0.6730166689762954,24.138641,11.0,2341.0,1.0,11.0,0.44449505833313685,0.555504941666863,0.415021
11,tree6_49788.uai,20,0.31875200000000004,0.61904,0.38095999999999997,0.681248,0.32696384125689304,0.6023148250744466,0.3976851749255535,0.6730361587431066,0.318752,0.6190399999999999,0.38096,0.6812480000000001,0.3269833310237048,0.5987356874276081,0.4012643125723918,0.6730166689762954,25.097141,7.0,1486.0,1.0,12.0,0.4581567477710939,0.541843252228906,0.381631
12,tree6_49788.uai,20,0.31875200000000004,0.61904,0.38095999999999997,0.681248,0.3269366151425423,0.6023148250744466,0.3976851749255535,0.6730633848574578,0.318752,0.6190399999999999,0.38096,0.6812480000000001,0.3269833310237048,0.5987356874276081,0.4012643125723918,0.6730166689762954,23.950104,11.0,2357.0,1.0,13.0,0.36007071201594365,0.6399292879840565,0.378989
13,tree6_49788.uai,20,0.31875200000000004,0.61904,0.38095999999999997,0.681248,0.3269366151425423,0.6023148250744466,0.3976851749255535,0.6730633848574578,0.318752,0.6190399999999999,0.38096,0.6812480000000001,0.3269833310237048,0.5987356874276081,0.4012643125723918,0.6730166689762954,25.553342,10.0,2139.0,1.0,14.0,0.5109766056889351,0.489023394311065,0.385212
14,tree6_49788.uai,20,0.31875200000000004,0.61904,0.38095999999999997,0.681248,0.3269366151425423,0.6023148250744466,0.3976851749255535,0.6730633848574578,0.318752,0.6190399999999999,0.38096,0.6812480000000001,0.3269833310237048,0.5987356874276081,0.4012643125723918,0.6730166689762954,29.262373,9.0,1921.0,1.0,15.0,0.3568736213116356,0.6431263786883643,0.390215
15,tree6_49788.uai,20,0.31875200000000004,0.61904,0.38095999999999997,0.681248,0.3269366151425423,0.60244737029043,0.39755262970956995,0.6730633848574578,0.318752,0.6190399999999999,0.38096,0.6812480000000001,0.3269833310237048,0.601039730107207,0.3989602698927929,0.6730166689762954,25.546603,15.0,3186.0,1.0,16.0,0.601039730107207,0.3989602698927929,0.336063
16,tree6_49788.uai,20,0.31875200000000004,0.61904,0.38095999999999997,0.681248,0.3216876908692122,0.6025012401480538,0.3974987598519462,0.6783123091307881,0.318752,0.6190399999999999,0.38096,0.6812480000000001,0.32217859875239707,0.601039730107207,0.3989602698927929,0.6778214012476028,25.304794,16.0,3435.0,1.0,17.0,0.32217859875239707,0.6778214012476028,0.38739999999999997
17,tree6_49788.uai,20,0.31875200000000004,0.61904,0.38095999999999997,0.681248,0.3216876908692122,0.6025012401480538,0.3974987598519462,0.6783123091307881,0.318752,0.6190399999999999,0.38096,0.6812480000000001,0.32217859875239707,0.601039730107207,0.3989602698927929,0.6778214012476028,30.781089,7.0,1477.0,1.0,18.0,0.5161948550648854,0.48380514493511473,0.8099559999999999
18,tree6_49788.uai,20,0.31875200000000004,0.61904,0.38095999999999997,0.681248,0.3216876908692122,0.6025012401480538,0.3974987598519462,0.6783123091307881,0.318752,0.6190399999999999,0.38096,0.6812480000000001,0.32217859875239707,0.601039730107207,0.3989602698927929,0.6778214012476028,24.114322,12.0,2546.0,1.0,19.0,0.3332067980110015,0.6667932019889984,0.38304499999999997
19,tree6_49788.uai,20,0.31875200000000004,0.61904,0.38095999999999997,0.681248,0.3216876908692122,0.6025067315195118,0.3974932684804882,0.6783123091307881,0.318752,0.6190399999999999,0.38096,0.6812480000000001,0.32217859875239707,0.601039730107207,0.3989602698927929,0.6778214012476028,27.002817,31.0,6614.0,1.0,20.0,0.42075630709289275,0.5792436929071074,0.314964
20,tree6_30302.uai,20,0.82486,0.83098,0.16901999999999998,0.17513999999999996,0.8222088231715587,0.8222088231715587,0.17779117682844128,0.17779117682844128,0.8248599999999999,0.8309799999999999,0.16902000000000003,0.17514,0.8222088231715586,0.8222088231715586,0.17779117682844126,0.17779117682844126,7.122374,36.0,8552.0,0.0,1.0,0.8222088231715586,0.17779117682844126,3.1450899999999997
21,tree6_30302.uai,20,0.82486,0.83098,0.16901999999999998,0.17513999999999996,0.8206945443527257,0.8233329906762875,0.1766670093237125,0.17930545564727435,0.8248599999999999,0.8309799999999999,0.16902000000000003,0.17514,0.8218607292718104,0.8222088231715586,0.17779117682844126,0.17813927072818955,14.35848,18.0,3709.0,0.0,2.0,0.8218607292718104,0.17813927072818955,0.255124
22,tree6_30302.uai,20,0.82486,0.83098,0.16901999999999998,0.17513999999999996,0.8206771803412765,0.8233329906762875,0.1766670093237125,0.17932281965872357,0.8248599999999999,0.8309799999999999,0.16902000000000003,0.17514,0.8218607292718104,0.8222088231715586,0.17779117682844126,0.17813927072818955,12.102746,21.0,4325.0,0.0,3.0,0.8220720109085224,0.17792798909147747,0.270125
23,tree6_30302.uai,20,0.82486,0.83098,0.16901999999999998,0.17513999999999996,0.8196175525386972,0.8233329906762875,0.1766670093237125,0.18038244746130286,0.8248599999999999,0.8309799999999999,0.16902000000000003,0.17514,0.8196654757380444,0.8222088231715586,0.17779117682844126,0.18033452426195568,13.524746,28.0,5757.0,0.0,4.0,0.8196654757380444,0.18033452426195568,0.317563
24,tree6_30302.uai,20,0.82486,0.83098,0.16901999999999998,0.17513999999999996,0.8196175525386972,0.8233329906762875,0.1766670093237125,0.18038244746130286,0.8248599999999999,0.8309799999999999,0.16902000000000003,0.17514,0.8196654757380444,0.8226492156954963,0.17735078430450368,0.18033452426195568,15.675903,16.0,3302.0,0.0,5.0,0.8226492156954963,0.17735078430450368,0.434852
25,tree6_30302.uai,20,0.82486,0.83098,0.16901999999999998,0.17513999999999996,0.8162272939820667,0.8233329906762875,0.1766670093237125,0.18377270601793322,0.8248599999999999,0.8309799999999999,0.16902000000000003,0.17514,0.8162367832617922,0.8226492156954963,0.17735078430450368,0.18376321673820784,17.792169,28.0,5759.0,0.0,6.0,0.8162367832617922,0.18376321673820784,0.346958
26,tree6_30302.uai,20,0.82486,0.83098,0.16901999999999998,0.17513999999999996,0.8161799670751617,0.8233329906762875,0.1766670093237125,0.18382003292483823,0.8248599999999999,0.8309799999999999,0.16902000000000003,0.17514,0.8162367832617922,0.8226492156954963,0.17735078430450368,0.18376321673820784,15.360755,36.0,7420.0,0.0,7.0,0.820528457661339,0.17947154233866108,0.39533
27,tree6_30302.uai,20,0.82486,0.83098,0.16901999999999998,0.17513999999999996,0.8161799670751617,0.8233497304803815,0.1766502695196185,0.18382003292483823,0.8248599999999999,0.8309799999999999,0.16902000000000003,0.17514,0.8162367832617922,0.8226492156954963,0.17735078430450368,0.18376321673820784,20.396692,26.0,5346.0,0.0,8.0,0.8204874983114406,0.17951250168855928,0.37628700000000004
28,tree6_30302.uai,20,0.82486,0.83098,0.16901999999999998,0.17513999999999996,0.8161729841696206,0.8233497304803815,0.1766502695196185,0.18382701583037947,0.8248599999999999,0.8309799999999999,0.16902000000000003,0.17514,0.8162367832617922,0.8226492156954963,0.17735078430450368,0.18376321673820784,20.110692,43.0,8823.0,0.0,9.0,0.8194087622489503,0.18059123775104946,0.359206
29,tree6_30302.uai,20,0.82486,0.83098,0.16901999999999998,0.17513999999999996,0.8161729841696206,0.8233497304803815,0.1766502695196185,0.18382701583037947,0.8248599999999999,0.8309799999999999,0.16902000000000003,0.17514,0.8162367832617922,0.8226492156954963,0.17735078430450368,0.18376321673820784,16.859287,18.0,3719.0,0.0,10.0,0.8200340781939315,0.17996592180606835,0.394161
30,tree6_30302.uai,20,0.82486,0.83098,0.16901999999999998,0.17513999999999996,0.8161723482100439,0.8233889716410062,0.1766110283589938,0.18382765178995605,0.8248599999999999,0.8309799999999999,0.16902000000000003,0.17514,0.8162367832617922,0.8226492156954963,0.17735078430450368,0.18376321673820784,20.728684,31.0,6395.0,0.0,11.0,0.8222250495398464,0.17777495046015357,0.319444
31,tree6_30302.uai,20,0.82486,0.83098,0.16901999999999998,0.17513999999999996,0.8161723482100439,0.8233889716410062,0.1766110283589938,0.18382765178995605,0.8248599999999999,0.8309799999999999,0.16902000000000003,0.17514,0.8162367832617922,0.8226492156954963,0.17735078430450368,0.18376321673820784,23.229646,33.0,6781.0,0.0,12.0,0.8196779119665188,0.1803220880334812,0.365711
32,tree6_30302.uai,20,0.82486,0.83098,0.16901999999999998,0.17513999999999996,0.8161723482100439,0.8247822833429849,0.17521771665701516,0.18382765178995605,0.8248599999999999,0.8309799999999999,0.16902000000000003,0.17514,0.8162367832617922,0.8242087404297459,0.1757912595702541,0.18376321673820784,21.06262,13.0,2678.0,0.0,13.0,0.8242087404297459,0.1757912595702541,0.664754
33,tree6_30302.uai,20,0.82486,0.83098,0.16901999999999998,0.17513999999999996,0.8161723482100439,0.8247822833429849,0.17521771665701516,0.18382765178995605,0.8248599999999999,0.8309799999999999,0.16902000000000003,0.17514,0.8162367832617922,0.8242087404297459,0.1757912595702541,0.18376321673820784,21.095539,30.0,6196.0,0.0,14.0,0.8163424911189439,0.1836575088810562,0.375062
34,tree6_30302.uai,20,0.82486,0.83098,0.16901999999999998,0.17513999999999996,0.816170737290494,0.8247822833429849,0.17521771665701516,0.183829262709506,0.8248599999999999,0.8309799999999999,0.16902000000000003,0.17514,0.8162367832617922,0.8242087404297459,0.1757912595702541,0.18376321673820784,27.738798,35.0,7194.0,0.0,15.0,0.8200491205161669,0.17995087948383318,0.394675
35,tree6_30302.uai,20,0.82486,0.83098,0.16901999999999998,0.17513999999999996,0.816170737290494,0.8247822833429849,0.17521771665701516,0.183829262709506,0.8248599999999999,0.8309799999999999,0.16902000000000003,0.17514,0.8162367832617922,0.8242087404297459,0.1757912595702541,0.18376321673820784,22.305939,34.0,6984.0,0.0,16.0,0.8205703861042604,0.17942961389573925,0.368085
36,tree6_30302.uai,20,0.82486,0.83098,0.16901999999999998,0.17513999999999996,0.816170737290494,0.8247822833429849,0.17521771665701516,0.183829262709506,0.8248599999999999,0.8309799999999999,0.16902000000000003,0.17514,0.8162367832617922,0.8242087404297459,0.1757912595702541,0.18376321673820784,25.748512,40.0,8231.0,0.0,17.0,0.8162915441641421,0.1837084558358578,0.278476
37,tree6_30302.uai,20,0.82486,0.83098,0.16901999999999998,0.17513999999999996,0.816170737290494,0.8247825904051949,0.17521740959480536,0.183829262709506,0.8248599999999999,0.8309799999999999,0.16902000000000003,0.17514,0.8162367832617922,0.8242087404297459,0.1757912595702541,0.18376321673820784,29.632396,38.0,7847.0,0.0,18.0,0.8186062424716536,0.18139375752834647,0.34685299999999997
38,tree6_30302.uai,20,0.82486,0.83098,0.16901999999999998,0.17513999999999996,0.816170737290494,0.8249392356862457,0.17506076431375434,0.183829262709506,0.8248599999999999,0.8309799999999999,0.16902000000000003,0.17514,0.8162367832617922,0.8242087404297459,0.1757912595702541,0.18376321673820784,24.956297,34.0,7056.0,0.0,19.0,0.8204394785631591,0.17956052143684081,0.412518
39,tree6_30302.uai,20,0.82486,0.83098,0.16901999999999998,0.17513999999999996,0.816170737290494,0.8249392356862457,0.17506076431375434,0.183829262709506,0.8248599999999999,0.8309799999999999,0.16902000000000003,0.17514,0.8162367832617922,0.8242087404297459,0.1757912595702541,0.18376321673820784,27.509627,28.0,5805.0,0.0,20.0,0.8193089179362552,0.1806910820637448,0.34772000000000003
40,tree6_62231.uai,20,0.42460700000000007,0.4613359999999999,0.538664,0.5753929999999999,0.4360907020307618,0.4360907020307618,0.5639092979692382,0.5639092979692382,0.421835,0.464108,0.535892,0.578165,0.4360907020307618,0.4360907020307618,0.5639092979692382,0.5639092979692382,9.153223,23.0,6513.0,1.0,1.0,0.4360907020307618,0.5639092979692382,2.745537
41,tree6_62231.uai,20,0.42460700000000007,0.4613359999999999,0.538664,0.5753929999999999,0.4242450623954935,0.43702462255779195,0.562975377442208,0.5757549376045065,0.421835,0.464108,0.535892,0.578165,0.42516354063972456,0.4360907020307618,0.5639092979692382,0.5748364593602753,14.127367,15.0,3165.0,1.0,2.0,0.42516354063972456,0.5748364593602753,0.447959
42,tree6_62231.uai,20,0.42460700000000007,0.4613359999999999,0.538664,0.5753929999999999,0.42346251149312303,0.4370850553384197,0.5629149446615803,0.576537488506877,0.421835,0.464108,0.535892,0.578165,0.42443680149414664,0.4360907020307618,0.5639092979692382,0.575563198505853,14.343204,21.0,4413.0,1.0,3.0,0.42443680149414664,0.575563198505853,0.29421200000000003
43,tree6_62231.uai,20,0.42460700000000007,0.4613359999999999,0.538664,0.5753929999999999,0.42167602467089244,0.46026030926420625,0.5397396907357938,0.5783239753291075,0.421835,0.464108,0.535892,0.578165,0.42443680149414664,0.457461786600451,0.542538213399549,0.575563198505853,15.176844,22.0,4707.0,1.0,4.0,0.457461786600451,0.542538213399549,0.31505
44,tree6_62231.uai,20,0.42460700000000007,0.4613359999999999,0.538664,0.5753929999999999,0.42167602467089244,0.46026030926420625,0.5397396907357938,0.5783239753291075,0.421835,0.464108,0.535892,0.578165,0.42443680149414664,0.457461786600451,0.542538213399549,0.575563198505853,27.037742,11.0,2309.0,1.0,5.0,0.4396351707036531,0.5603648292963469,0.677235
45,tree6_62231.uai,20,0.42460700000000007,0.4613359999999999,0.538664,0.5753929999999999,0.42167602467089244,0.46026030926420625,0.5397396907357938,0.5783239753291075,0.421835,0.464108,0.535892,0.578165,0.42443680149414664,0.457461786600451,0.542538213399549,0.575563198505853,21.32475,8.0,1685.0,1.0,6.0,0.44602271822225303,0.5539772817777469,0.36996300000000004
46,tree6_62231.uai,20,0.42460700000000007,0.4613359999999999,0.538664,0.5753929999999999,0.42167602467089244,0.46026030926420625,0.5397396907357938,0.5783239753291075,0.421835,0.464108,0.535892,0.578165,0.42443680149414664,0.457461786600451,0.542538213399549,0.575563198505853,18.622091,21.0,4416.0,1.0,7.0,0.4296087692773376,0.5703912307226626,0.331291
47,tree6_62231.uai,20,0.42460700000000007,0.4613359999999999,0.538664,0.5753929999999999,0.42167602467089244,0.46026030926420625,0.5397396907357938,0.5783239753291075,0.421835,0.464108,0.535892,0.578165,0.42443680149414664,0.457461786600451,0.542538213399549,0.575563198505853,15.50664,21.0,4429.0,1.0,8.0,0.4311643751363126,0.5688356248636873,0.342137
48,tree6_62231.uai,20,0.42460700000000007,0.4613359999999999,0.538664,0.5753929999999999,0.42167602467089244,0.46026030926420625,0.5397396907357938,0.5783239753291075,0.421835,0.464108,0.535892,0.578165,0.42443680149414664,0.457461786600451,0.542538213399549,0.575563198505853,18.653772,28.0,5882.0,1.0,9.0,0.4335343306787194,0.5664656693212806,0.346856
49,tree6_62231.uai,20,0.42460700000000007,0.4613359999999999,0.538664,0.5753929999999999,0.42164667121318555,0.46157382199148966,0.5384261780085103,0.5783533287868144,0.421835,0.464108,0.535892,0.578165,0.42443680149414664,0.457461786600451,0.542538213399549,0.575563198505853,22.969155,7.0,1477.0,1.0,10.0,0.4373046598898668,0.5626953401101331,0.373533
50,tree6_62231.uai,20,0.42460700000000007,0.4613359999999999,0.538664,0.5753929999999999,0.42164667121318555,0.46157382199148966,0.5384261780085103,0.5783533287868144,0.421835,0.464108,0.535892,0.578165,0.42443680149414664,0.457461786600451,0.542538213399549,0.575563198505853,29.351683,31.0,6514.0,1.0,11.0,0.42951062089930964,0.5704893791006904,0.310256
51,tree6_62231.uai,20,0.42460700000000007,0.4613359999999999,0.538664,0.5753929999999999,0.42164667121318555,0.46157382199148966,0.5384261780085103,0.5783533287868144,0.421835,0.464108,0.535892,0.578165,0.42443680149414664,0.457461786600451,0.542538213399549,0.575563198505853,30.579286,46.0,9667.0,1.0,12.0,0.4546488866035522,0.5453511133964478,0.411944
52,tree6_62231.uai,20,0.42460700000000007,0.4613359999999999,0.538664,0.5753929999999999,0.42164667121318555,0.46157382199148966,0.5384261780085103,0.5783533287868144,0.421835,0.464108,0.535892,0.578165,0.42443680149414664,0.457461786600451,0.542538213399549,0.575563198505853,29.864566,7.0,1465.0,1.0,13.0,0.43651338533569956,0.5634866146643004,0.47242399999999996
53,tree6_62231.uai,20,0.42460700000000007,0.4613359999999999,0.538664,0.5753929999999999,0.4216326413072054,0.4617555657160835,0.5382444342839166,0.5783673586927947,0.421835,0.464108,0.535892,0.578165,0.42443680149414664,0.45761161064691097,0.5423883893530891,0.575563198505853,33.674203,11.0,2325.0,1.0,14.0,0.45761161064691097,0.5423883893530891,0.397262
54,tree6_62231.uai,20,0.42460700000000007,0.4613359999999999,0.538664,0.5753929999999999,0.4216326413072054,0.4617555657160835,0.5382444342839166,0.5783673586927947,0.421835,0.464108,0.535892,0.578165,0.42443680149414664,0.45761161064691097,0.5423883893530891,0.575563198505853,29.987364,18.0,3774.0,1.0,15.0,0.4532709186850446,0.5467290813149555,0.38146
55,tree6_62231.uai,20,0.42460700000000007,0.4613359999999999,0.538664,0.5753929999999999,0.4216326413072054,0.4617555657160835,0.5382444342839166,0.5783673586927947,0.421835,0.464108,0.535892,0.578165,0.42443680149414664,0.45761161064691097,0.5423883893530891,0.575563198505853,27.444098,25.0,5246.0,1.0,16.0,0.4250941558617553,0.5749058441382447,0.40184200000000003
56,tree6_62231.uai,20,0.42460700000000007,0.4613359999999999,0.538664,0.5753929999999999,0.42162920667980497,0.4618000579583859,0.5381999420416141,0.578370793320195,0.421835,0.464108,0.535892,0.578165,0.42443680149414664,0.45769116617055605,0.5423088338294438,0.575563198505853,25.481907,23.0,4843.0,1.0,17.0,0.45769116617055605,0.5423088338294438,0.331361
57,tree6_62231.uai,20,0.42460700000000007,0.4613359999999999,0.538664,0.5753929999999999,0.42162920667980497,0.4618000579583859,0.5381999420416141,0.578370793320195,0.421835,0.464108,0.535892,0.578165,0.42443680149414664,0.45769116617055605,0.5423088338294438,0.575563198505853,24.511221,40.0,8440.0,1.0,18.0,0.4442923624241285,0.5557076375758713,0.452131
58,tree6_62231.uai,20,0.42460700000000007,0.4613359999999999,0.538664,0.5753929999999999,0.4216068162267042,0.4618000579583859,0.5381999420416141,0.5783931837732957,0.421835,0.464108,0.535892,0.578165,0.42443680149414664,0.45769116617055605,0.5423088338294438,0.575563198505853,29.121438,6.0,1261.0,1.0,19.0,0.4528177543560727,0.547182245643927,0.36073500000000003
59,tree6_62231.uai,20,0.42460700000000007,0.4613359999999999,0.538664,0.5753929999999999,0.4216068162267042,0.4618000579583859,0.5381999420416141,0.5783931837732957,0.421835,0.464108,0.535892,0.578165,0.42443680149414664,0.45769116617055605,0.5423088338294438,0.575563198505853,32.138514,7.0,1485.0,1.0,20.0,0.45698059753026626,0.5430194024697338,0.34711000000000003
60,tree6_25422.uai,20,0.1895,0.2111,0.7888999999999999,0.8105,0.20503650736894596,0.20503650736894596,0.7949634926310543,0.7949634926310543,0.1895,0.2111,0.7888999999999999,0.8105,0.20503650736894594,0.20503650736894594,0.7949634926310541,0.7949634926310541,9.222595,53.0,12682.0,1.0,1.0,0.20503650736894594,0.7949634926310541,3.434588
61,tree6_25422.uai,20,0.1895,0.2111,0.7888999999999999,0.8105,0.1828210160831109,0.2050417854387941,0.7949582145612059,0.8171789839168891,0.1895,0.2111,0.7888999999999999,0.8105,0.18285669934023985,0.20503650736894594,0.7949634926310541,0.81714330065976,16.101753,17.0,3690.0,0.0,2.0,0.18285669934023985,0.81714330065976,0.45698700000000003
62,tree6_25422.uai,20,0.1895,0.2111,0.7888999999999999,0.8105,0.1828210160831109,0.20565180182725243,0.7943481981727476,0.8171789839168891,0.1895,0.2111,0.7888999999999999,0.8105,0.18285669934023985,0.20503650736894594,0.7949634926310541,0.81714330065976,13.338275,16.0,3440.0,0.0,3.0,0.18742285332234274,0.8125771466776572,0.283017
63,tree6_25422.uai,20,0.1895,0.2111,0.7888999999999999,0.8105,0.1828210160831109,0.2057562134182029,0.7942437865817971,0.8171789839168891,0.1895,0.2111,0.7888999999999999,0.8105,0.18285669934023985,0.20503650736894594,0.7949634926310541,0.81714330065976,17.671768,12.0,2598.0,1.0,4.0,0.20139236351723064,0.7986076364827693,0.27978400000000003
64,tree6_25422.uai,20,0.1895,0.2111,0.7888999999999999,0.8105,0.1828210160831109,0.2057562134182029,0.7942437865817971,0.8171789839168891,0.1895,0.2111,0.7888999999999999,0.8105,0.18285669934023985,0.20503650736894594,0.7949634926310541,0.81714330065976,17.15802,61.0,13448.0,0.0,5.0,0.18647156606104476,0.8135284339389554,0.36488299999999996
65,tree6_25422.uai,20,0.1895,0.2111,0.7888999999999999,0.8105,0.1828210160831109,0.2057562134182029,0.7942437865817971,0.8171789839168891,0.1895,0.2111,0.7888999999999999,0.8105,0.18285669934023985,0.20503650736894594,0.7949634926310541,0.81714330065976,19.345209,37.0,14900.0,1.0,6.0,0.1963901781268212,0.8036098218731791,0.952537
66,tree6_25422.uai,20,0.1895,0.2111,0.7888999999999999,0.8105,0.1828210160831109,0.2057562134182029,0.7942437865817971,0.8171789839168891,0.1895,0.2111,0.7888999999999999,0.8105,0.18285669934023985,0.20503650736894594,0.7949634926310541,0.81714330065976,18.437105,28.0,9516.0,0.0,7.0,0.18362339776401404,0.8163766022359858,0.439452
67,tree6_25422.uai,20,0.1895,0.2111,0.7888999999999999,0.8105,0.1828210160831109,0.20608461817146362,0.7939153818285364,0.8171789839168891,0.1895,0.2111,0.7888999999999999,0.8105,0.18285669934023985,0.20503650736894594,0.7949634926310541,0.81714330065976,19.717897,9.0,1992.0,0.0,8.0,0.18452237359053505,0.8154776264094649,0.30315400000000003
68,tree6_25422.uai,20,0.1895,0.2111,0.7888999999999999,0.8105,0.1828210160831109,0.20608461817146362,0.7939153818285364,0.8171789839168891,0.1895,0.2111,0.7888999999999999,0.8105,0.18285669934023985,0.20503650736894594,0.7949634926310541,0.81714330065976,20.519295,66.0,14774.0,1.0,9.0,0.20036452344898398,0.799635476551016,0.30879
69,tree6_25422.uai,20,0.1895,0.2111,0.7888999999999999,0.8105,0.1828210160831109,0.20608461817146362,0.7939153818285364,0.8171789839168891,0.1895,0.2111,0.7888999999999999,0.8105,0.18285669934023985,0.20503650736894594,0.7949634926310541,0.81714330065976,21.647259,28.0,6426.0,1.0,10.0,0.18970836784860834,0.8102916321513917,0.552188
70,tree6_25422.uai,20,0.1895,0.2111,0.7888999999999999,0.8105,0.1828210160831109,0.20608461817146362,0.7939153818285364,0.8171789839168891,0.1895,0.2111,0.7888999999999999,0.8105,0.18285669934023985,0.20503650736894594,0.7949634926310541,0.81714330065976,24.947595,31.0,10634.0,0.0,11.0,0.18602905977846837,0.8139709402215318,0.310293
71,tree6_25422.uai,20,0.1895,0.2111,0.7888999999999999,0.8105,0.1828210160831109,0.20608461817146362,0.7939153818285364,0.8171789839168891,0.1895,0.2111,0.7888999999999999,0.8105,0.18285669934023985,0.20503650736894594,0.7949634926310541,0.81714330065976,23.228994,33.0,8984.0,1.0,12.0,0.20388048667806602,0.7961195133219338,0.865414
72,tree6_25422.uai,20,0.1895,0.2111,0.7888999999999999,0.8105,0.1828210160831109,0.20608461817146362,0.7939153818285364,0.8171789839168891,0.1895,0.2111,0.7888999999999999,0.8105,0.18285669934023985,0.20503650736894594,0.7949634926310541,0.81714330065976,23.80082,66.0,18431.0,0.0,13.0,0.18499375203897325,0.8150062479610268,0.308855
73,tree6_25422.uai,20,0.1895,0.2111,0.7888999999999999,0.8105,0.1828210160831109,0.20751840552273723,0.7924815944772627,0.8171789839168891,0.1895,0.2111,0.7888999999999999,0.8105,0.18285669934023985,0.20644992365575865,0.7935500763442414,0.81714330065976,26.795479,46.0,11019.0,1.0,14.0,0.20644992365575865,0.7935500763442414,0.37226800000000004
74,tree6_25422.uai,20,0.1895,0.2111,0.7888999999999999,0.8105,0.1828210160831109,0.20751840552273723,0.7924815944772627,0.8171789839168891,0.1895,0.2111,0.7888999999999999,0.8105,0.18285669934023985,0.20644992365575865,0.7935500763442414,0.81714330065976,26.016805,62.0,14270.0,1.0,15.0,0.19505269396881794,0.8049473060311821,0.333029
75,tree6_25422.uai,20,0.1895,0.2111,0.7888999999999999,0.8105,0.1828210160831109,0.20751840552273723,0.7924815944772627,0.8171789839168891,0.1895,0.2111,0.7888999999999999,0.8105,0.18285669934023985,0.20644992365575865,0.7935500763442414,0.81714330065976,30.32807,41.0,9981.0,1.0,16.0,0.19672513947838094,0.8032748605216192,0.474973
76,tree6_25422.uai,20,0.1895,0.2111,0.7888999999999999,0.8105,0.1828210160831109,0.20751840552273723,0.7924815944772627,0.8171789839168891,0.1895,0.2111,0.7888999999999999,0.8105,0.18285669934023985,0.20644992365575865,0.7935500763442414,0.81714330065976,30.173213,20.0,5425.0,1.0,17.0,0.20108938877784155,0.7989106112221582,0.294746
77,tree6_25422.uai,20,0.1895,0.2111,0.7888999999999999,0.8105,0.1828210160831109,0.20751840552273723,0.7924815944772627,0.8171789839168891,0.1895,0.2111,0.7888999999999999,0.8105,0.18285669934023985,0.20644992365575865,0.7935500763442414,0.81714330065976,35.317602,23.0,5216.0,1.0,18.0,0.2010075273692189,0.7989924726307813,0.45114299999999996
78,tree6_25422.uai,20,0.1895,0.2111,0.7888999999999999,0.8105,0.1828210160831109,0.20751840552273723,0.7924815944772627,0.8171789839168891,0.1895,0.2111,0.7888999999999999,0.8105,0.18285669934023985,0.20644992365575865,0.7935500763442414,0.81714330065976,38.424929,46.0,10502.0,1.0,19.0,0.1904681308083642,0.8095318691916357,0.37089700000000003
79,tree6_25422.uai,20,0.1895,0.2111,0.7888999999999999,0.8105,0.1828210160831109,0.20751840552273723,0.7924815944772627,0.8171789839168891,0.1895,0.2111,0.7888999999999999,0.8105,0.18285669934023985,0.20644992365575865,0.7935500763442414,0.81714330065976,56.252259,63.0,14058.0,1.0,20.0,0.20401743481037907,0.7959825651896207,0.308982
80,tree6_68447.uai,20,0.429361,0.5290059999999999,0.47099400000000013,0.570639,0.4330638132635201,0.4330638132635201,0.5669361867364798,0.5669361867364798,0.429361,0.529006,0.470994,0.570639,0.4330638132635202,0.4330638132635202,0.5669361867364799,0.5669361867364799,9.360425,4.0,2336.0,1.0,1.0,0.4330638132635202,0.5669361867364799,3.418204
81,tree6_68447.uai,20,0.429361,0.5290059999999999,0.47099400000000013,0.570639,0.4329147967174901,0.5224790328682141,0.47752096713178593,0.5670852032825099,0.429361,0.529006,0.470994,0.570639,0.4330638132635202,0.5223542893570283,0.47764571064297145,0.5669361867364799,14.771773,5.0,1824.0,1.0,2.0,0.5223542893570283,0.47764571064297145,0.388492
82,tree6_68447.uai,20,0.429361,0.5290059999999999,0.47099400000000013,0.570639,0.4329147967174901,0.525304523105266,0.4746954768947343,0.5670852032825099,0.429361,0.529006,0.470994,0.570639,0.4330638132635202,0.5223542893570283,0.47764571064297145,0.5669361867364799,14.122347,6.0,1445.0,1.0,3.0,0.44368204078496154,0.5563179592150383,0.31838299999999997
83,tree6_68447.uai,20,0.429361,0.5290059999999999,0.47099400000000013,0.570639,0.4329147967174901,0.525304523105266,0.4746954768947343,0.5670852032825099,0.429361,0.529006,0.470994,0.570639,0.4330638132635202,0.5223542893570283,0.47764571064297145,0.5669361867364799,15.863617,5.0,1038.0,1.0,4.0,0.4423680197762045,0.5576319802237952,0.365893
84,tree6_68447.uai,20,0.429361,0.5290059999999999,0.47099400000000013,0.570639,0.432869478772434,0.525304523105266,0.4746954768947343,0.567130521227566,0.429361,0.529006,0.470994,0.570639,0.4330638132635202,0.5223542893570283,0.47764571064297145,0.5669361867364799,17.518104,5.0,1116.0,1.0,5.0,0.4371562935133911,0.5628437064866089,0.277578
85,tree6_68447.uai,20,0.429361,0.5290059999999999,0.47099400000000013,0.570639,0.4327236927296744,0.525304523105266,0.4746954768947343,0.5672763072703259,0.429361,0.529006,0.470994,0.570639,0.4330638132635202,0.5223542893570283,0.47764571064297145,0.5669361867364799,18.752159,6.0,1304.0,1.0,6.0,0.5213848970444042,0.47861510295559617,0.293997
86,tree6_68447.uai,20,0.429361,0.5290059999999999,0.47099400000000013,0.570639,0.4327236927296744,0.525304523105266,0.4746954768947343,0.5672763072703259,0.429361,0.529006,0.470994,0.570639,0.4330638132635202,0.5223542893570283,0.47764571064297145,0.5669361867364799,23.9235,6.0,1261.0,1.0,7.0,0.4509356031756191,0.5490643968243807,0.355441
87,tree6_68447.uai,20,0.429361,0.5290059999999999,0.47099400000000013,0.570639,0.4327236927296744,0.525304523105266,0.4746954768947343,0.5672763072703259,0.429361,0.529006,0.470994,0.570639,0.4330638132635202,0.5223542893570283,0.47764571064297145,0.5669361867364799,28.860738,6.0,1244.0,1.0,8.0,0.5062847375736974,0.49371526242630276,0.343607
88,tree6_68447.uai,20,0.429361,0.5290059999999999,0.47099400000000013,0.570639,0.4327236927296744,0.525304523105266,0.4746954768947343,0.5672763072703259,0.429361,0.529006,0.470994,0.570639,0.4330638132635202,0.5223542893570283,0.47764571064297145,0.5669361867364799,28.550873,7.0,1446.0,1.0,9.0,0.43633160734602305,0.5636683926539771,0.42943
89,tree6_68447.uai,20,0.429361,0.5290059999999999,0.47099400000000013,0.570639,0.4326574560101601,0.525304523105266,0.4746954768947343,0.5673425439898402,0.429361,0.529006,0.470994,0.570639,0.4330638132635202,0.5223542893570283,0.47764571064297145,0.5669361867364799,30.422288,6.0,1252.0,1.0,10.0,0.4681007265855457,0.5318992734144544,0.308913
90,tree6_68447.uai,20,0.429361,0.5290059999999999,0.47099400000000013,0.570639,0.4326574560101601,0.525304523105266,0.4746954768947343,0.5673425439898402,0.429361,0.529006,0.470994,0.570639,0.4330638132635202,0.5223542893570283,0.47764571064297145,0.5669361867364799,32.629275,6.0,1243.0,1.0,11.0,0.4344307371750825,0.5655692628249175,0.37121
91,tree6_68447.uai,20,0.429361,0.5290059999999999,0.47099400000000013,0.570639,0.4326574560101601,0.525304523105266,0.4746954768947343,0.5673425439898402,0.429361,0.529006,0.470994,0.570639,0.4330638132635202,0.5223542893570283,0.47764571064297145,0.5669361867364799,37.238416,6.0,1374.0,1.0,12.0,0.4408515497106968,0.5591484502893034,0.30479900000000004
92,tree6_68447.uai,20,0.429361,0.5290059999999999,0.47099400000000013,0.570639,0.4326574560101601,0.5257082002914161,0.47429179970858387,0.5673425439898402,0.429361,0.529006,0.470994,0.570639,0.4330638132635202,0.5223542893570283,0.47764571064297145,0.5669361867364799,41.908478,3.0,643.0,1.0,13.0,0.48012872615844787,0.5198712738415522,0.420218
93,tree6_68447.uai,20,0.429361,0.5290059999999999,0.47099400000000013,0.570639,0.4326574560101601,0.5257082002914161,0.47429179970858387,0.5673425439898402,0.429361,0.529006,0.470994,0.570639,0.4330638132635202,0.5223542893570283,0.47764571064297145,0.5669361867364799,42.037341,7.0,1469.0,1.0,14.0,0.44261169483039486,0.5573883051696052,0.304651
94,tree6_68447.uai,20,0.429361,0.5290059999999999,0.47099400000000013,0.570639,0.4326574560101601,0.5257082002914161,0.47429179970858387,0.5673425439898402,0.429361,0.529006,0.470994,0.570639,0.4330638132635202,0.5223542893570283,0.47764571064297145,0.5669361867364799,41.212769,5.0,1028.0,1.0,15.0,0.4664767119517162,0.5335232880482839,0.36302199999999996
95,tree6_68447.uai,20,0.429361,0.5290059999999999,0.47099400000000013,0.570639,0.4326574560101601,0.5257082002914161,0.47429179970858387,0.5673425439898402,0.429361,0.529006,0.470994,0.570639,0.4330638132635202,0.5223542893570283,0.47764571064297145,0.5669361867364799,53.805881,7.0,1441.0,1.0,16.0,0.4421082779133595,0.5578917220866404,0.30168799999999996
96,tree6_68447.uai,20,0.429361,0.5290059999999999,0.47099400000000013,0.570639,0.4326574560101601,0.5257082002914161,0.47429179970858387,0.5673425439898402,0.429361,0.529006,0.470994,0.570639,0.4330638132635202,0.5223542893570283,0.47764571064297145,0.5669361867364799,46.655257,6.0,1243.0,1.0,17.0,0.47505299040431764,0.5249470095956821,0.33731
97,tree6_68447.uai,20,0.429361,0.5290059999999999,0.47099400000000013,0.570639,0.43249077111070056,0.5257082002914161,0.47429179970858387,0.5675092288892994,0.429361,0.529006,0.470994,0.570639,0.4330638132635202,0.5223542893570283,0.47764571064297145,0.5669361867364799,47.711083,5.0,1033.0,1.0,18.0,0.45915840454044554,0.5408415954595542,0.284617
98,tree6_68447.uai,20,0.429361,0.5290059999999999,0.47099400000000013,0.570639,0.43249077111070056,0.5257082002914161,0.47429179970858387,0.5675092288892994,0.429361,0.529006,0.470994,0.570639,0.4330638132635202,0.5223542893570283,0.47764571064297145,0.5669361867364799,42.487206,6.0,1233.0,1.0,19.0,0.5193048407308068,0.48069515926919304,0.28879699999999997
99,tree6_68447.uai,20,0.429361,0.5290059999999999,0.47099400000000013,0.570639,0.43249077111070056,0.5257174617465218,0.47428253825347827,0.5675092288892994,0.429361,0.529006,0.470994,0.570639,0.4330638132635202,0.5223542893570283,0.47764571064297145,0.5669361867364799,38.487757,5.0,1043.0,1.0,20.0,0.4430612983737772,0.5569387016262226,0.29518300000000003
100,tree6_88995.uai,20,0.89738,0.89819,0.10181000000000001,0.10262000000000002,0.8945385639944294,0.8945385639944294,0.10546143600557065,0.10546143600557065,0.8973800000000002,0.89819,0.10181000000000001,0.10262000000000003,0.8945385639944292,0.8945385639944292,0.10546143600557062,0.10546143600557062,9.068807,51.0,11983.0,0.0,1.0,0.8945385639944292,0.10546143600557062,3.344742
101,tree6_88995.uai,20,0.89738,0.89819,0.10181000000000001,0.10262000000000002,0.8945385639944294,0.8973613745422074,0.10263862545779259,0.10546143600557065,0.8973800000000002,0.89819,0.10181000000000001,0.10262000000000003,0.8945385639944292,0.8973613745422072,0.10263862545779258,0.10546143600557062,14.519298,15.0,4350.0,0.0,2.0,0.8973613745422072,0.10263862545779258,0.406442
102,tree6_88995.uai,20,0.89738,0.89819,0.10181000000000001,0.10262000000000002,0.8945385639944294,0.8973613745422074,0.10263862545779259,0.10546143600557065,0.8973800000000002,0.89819,0.10181000000000001,0.10262000000000003,0.8945385639944292,0.8973613745422072,0.10263862545779258,0.10546143600557062,11.142084,24.0,5441.0,0.0,3.0,0.8956068388110763,0.10439316118892378,0.269664
103,tree6_88995.uai,20,0.89738,0.89819,0.10181000000000001,0.10262000000000002,0.8945385639944294,0.8973966194065858,0.10260338059341423,0.10546143600557065,0.8973800000000002,0.89819,0.10181000000000001,0.10262000000000003,0.8945385639944292,0.8973613745422072,0.10263862545779258,0.10546143600557062,14.703768,17.0,3426.0,0.0,4.0,0.8966104983716586,0.1033895016283415,0.26576299999999997
104,tree6_88995.uai,20,0.89738,0.89819,0.10181000000000001,0.10262000000000002,0.8945385639944294,0.8973966194065858,0.10260338059341423,0.10546143600557065,0.8973800000000002,0.89819,0.10181000000000001,0.10262000000000003,0.8945385639944292,0.8973613745422072,0.10263862545779258,0.10546143600557062,15.520325,69.0,16069.0,0.0,5.0,0.8961010774528795,0.10389892254712017,0.29462900000000003
105,tree6_88995.uai,20,0.89738,0.89819,0.10181000000000001,0.10262000000000002,0.8945385639944294,0.8973966194065858,0.10260338059341423,0.10546143600557065,0.8973800000000002,0.89819,0.10181000000000001,0.10262000000000003,0.8945385639944292,0.8973613745422072,0.10263862545779258,0.10546143600557062,16.740441,42.0,9555.0,0.0,6.0,0.8961823943355286,0.1038176056644715,0.41836300000000004
106,tree6_88995.uai,20,0.89738,0.89819,0.10181000000000001,0.10262000000000002,0.8945385639944294,0.8973966194065858,0.10260338059341423,0.10546143600557065,0.8973800000000002,0.89819,0.10181000000000001,0.10262000000000003,0.8945385639944292,0.8973613745422072,0.10263862545779258,0.10546143600557062,19.005906,41.0,9128.0,0.0,7.0,0.8949939838202442,0.1050060161797557,0.46819900000000003
107,tree6_88995.uai,20,0.89738,0.89819,0.10181000000000001,0.10262000000000002,0.8945385639944294,0.8973966194065858,0.10260338059341423,0.10546143600557065,0.8973800000000002,0.89819,0.10181000000000001,0.10262000000000003,0.8945385639944292,0.8973613745422072,0.10263862545779258,0.10546143600557062,18.257153,59.0,13115.0,0.0,8.0,0.8959951721041128,0.10400482789588722,0.4228
108,tree6_88995.uai,20,0.89738,0.89819,0.10181000000000001,0.10262000000000002,0.8945191852701756,0.8973966194065858,0.10260338059341421,0.10548081472982444,0.8973800000000002,0.89819,0.10181000000000001,0.10262000000000003,0.8945385639944292,0.8973613745422072,0.10263862545779258,0.10546143600557062,19.049349,64.0,13483.0,0.0,9.0,0.8950272487999217,0.10497275120007808,0.313714
109,tree6_88995.uai,20,0.89738,0.89819,0.10181000000000001,0.10262000000000002,0.8945191852701756,0.8973966194065858,0.10260338059341421,0.10548081472982444,0.8973800000000002,0.89819,0.10181000000000001,0.10262000000000003,0.8945385639944292,0.8973613745422072,0.10263862545779258,0.10546143600557062,19.021083,61.0,14661.0,0.0,10.0,0.8961869530727777,0.10381304692722225,0.38049299999999997
110,tree6_88995.uai,20,0.89738,0.89819,0.10181000000000001,0.10262000000000002,0.8945071413139685,0.8973966194065858,0.10260338059341421,0.1054928586860316,0.8973800000000002,0.89819,0.10181000000000001,0.10262000000000003,0.8945385639944292,0.8973613745422072,0.10263862545779258,0.10546143600557062,21.566144,59.0,12691.0,0.0,11.0,0.8946223113644882,0.10537768863551164,0.348669
111,tree6_88995.uai,20,0.89738,0.89819,0.10181000000000001,0.10262000000000002,0.8945071413139685,0.8973966194065858,0.10260338059341421,0.1054928586860316,0.8973800000000002,0.89819,0.10181000000000001,0.10262000000000003,0.8945385639944292,0.8973613745422072,0.10263862545779258,0.10546143600557062,21.482181,20.0,4190.0,0.0,12.0,0.8963306789164027,0.10366932108359708,0.370184
112,tree6_88995.uai,20,0.89738,0.89819,0.10181000000000001,0.10262000000000002,0.8945071413139685,0.8973966194065858,0.10260338059341421,0.1054928586860316,0.8973800000000002,0.89819,0.10181000000000001,0.10262000000000003,0.8945385639944292,0.8973613745422072,0.10263862545779258,0.10546143600557062,24.668738,16.0,4371.0,0.0,13.0,0.8963919026109209,0.10360809738907915,0.49642200000000003
113,tree6_88995.uai,20,0.89738,0.89819,0.10181000000000001,0.10262000000000002,0.8945071413139685,0.8973966194065858,0.10260338059341421,0.1054928586860316,0.8973800000000002,0.89819,0.10181000000000001,0.10262000000000003,0.8945385639944292,0.8973613745422072,0.10263862545779258,0.10546143600557062,24.040077,63.0,15913.0,0.0,14.0,0.8952787691330156,0.10472123086698416,0.43556
114,tree6_88995.uai,20,0.89738,0.89819,0.10181000000000001,0.10262000000000002,0.8945071413139685,0.8973966194065858,0.10260338059341421,0.1054928586860316,0.8973800000000002,0.89819,0.10181000000000001,0.10262000000000003,0.8945385639944292,0.8973613745422072,0.10263862545779258,0.10546143600557062,26.077394,39.0,8017.0,0.0,15.0,0.8960712462283718,0.1039287537716283,0.36085999999999996
115,tree6_88995.uai,20,0.89738,0.89819,0.10181000000000001,0.10262000000000002,0.8945071413139685,0.8973966194065858,0.10260338059341421,0.1054928586860316,0.8973800000000002,0.89819,0.10181000000000001,0.10262000000000003,0.8945385639944292,0.8973613745422072,0.10263862545779258,0.10546143600557062,28.222956,70.0,13656.0,0.0,16.0,0.8952539696978647,0.1047460303021352,0.296871
116,tree6_88995.uai,20,0.89738,0.89819,0.10181000000000001,0.10262000000000002,0.8945071413139685,0.8973966194065858,0.10260338059341421,0.1054928586860316,0.8973800000000002,0.89819,0.10181000000000001,0.10262000000000003,0.8945385639944292,0.8973613745422072,0.10263862545779258,0.10546143600557062,22.467801,46.0,8959.0,0.0,17.0,0.8954020594868436,0.10459794051315642,0.415661
117,tree6_88995.uai,20,0.89738,0.89819,0.10181000000000001,0.10262000000000002,0.8945071413139685,0.8973966194065858,0.10260338059341421,0.1054928586860316,0.8973800000000002,0.89819,0.10181000000000001,0.10262000000000003,0.8945385639944292,0.8973613745422072,0.10263862545779258,0.10546143600557062,23.929105,57.0,11081.0,0.0,18.0,0.8961387121214185,0.10386128787858154,0.30840999999999996
118,tree6_88995.uai,20,0.89738,0.89819,0.10181000000000001,0.10262000000000002,0.8945071413139685,0.8974047285852048,0.1025952714147952,0.1054928586860316,0.8973800000000002,0.89819,0.10181000000000001,0.10262000000000003,0.8945385639944292,0.8973613745422072,0.10263862545779258,0.10546143600557062,24.942757,56.0,10926.0,0.0,19.0,0.897060054262442,0.10293994573755794,0.317509
119,tree6_88995.uai,20,0.89738,0.89819,0.10181000000000001,0.10262000000000002,0.8945071413139685,0.8974047285852048,0.1025952714147952,0.1054928586860316,0.8973800000000002,0.89819,0.10181000000000001,0.10262000000000003,0.8945385639944292,0.8973613745422072,0.10263862545779258,0.10546143600557062,27.670049,70.0,13677.0,0.0,20.0,0.8969864973711694,0.1030135026288306,0.300394
120,tree6_47048.uai,20,0.030954000000000148,0.045584,0.954416,0.9690459999999999,0.044276017521254804,0.044276017521254804,0.9557239824787452,0.9557239824787452,0.030764,0.04577400000000001,0.954226,0.969236,0.04427601752125481,0.04427601752125481,0.9557239824787455,0.9557239824787455,13.683072,99.0,21860.0,1.0,1.0,0.04427601752125481,0.9557239824787455,2.25738
121,tree6_47048.uai,20,0.030954000000000148,0.045584,0.954416,0.9690459999999999,0.0352081242782126,0.046963934183024574,0.9530360658169756,0.9647918757217877,0.030764,0.04577400000000001,0.954226,0.969236,0.041217337823386296,0.04427601752125481,0.9557239824787455,0.9587826621766135,16.444171,28.0,5859.0,1.0,2.0,0.041217337823386296,0.9587826621766135,0.319357
122,tree6_47048.uai,20,0.030954000000000148,0.045584,0.954416,0.9690459999999999,0.03514497990359099,0.050233195213791874,0.9497668047862083,0.9648550200964089,0.030764,0.04577400000000001,0.954226,0.969236,0.041217337823386296,0.049336920765816666,0.950663079234183,0.9587826621766135,16.842509,6.0,1228.0,0.0,3.0,0.049336920765816666,0.950663079234183,0.384425
123,tree6_47048.uai,20,0.030954000000000148,0.045584,0.954416,0.9690459999999999,0.035144979903590993,0.05266860497572359,0.9473313950242764,0.964855020096409,0.030764,0.04577400000000001,0.954226,0.969236,0.041217337823386296,0.049336920765816666,0.950663079234183,0.9587826621766135,20.153668,4.0,821.0,0.0,4.0,0.04813102353966466,0.9518689764603354,0.43423599999999996
124,tree6_47048.uai,20,0.030954000000000148,0.045584,0.954416,0.9690459999999999,0.035144979903590993,0.05266860497572359,0.9473313950242764,0.964855020096409,0.030764,0.04577400000000001,0.954226,0.969236,0.041217337823386296,0.049336920765816666,0.950663079234183,0.9587826621766135,22.902996,81.0,16762.0,1.0,5.0,0.04276089512757651,0.9572391048724233,0.32103800000000005
125,tree6_47048.uai,20,0.030954000000000148,0.045584,0.954416,0.9690459999999999,0.035144979903590993,0.05284202903656992,0.9471579709634301,0.964855020096409,0.030764,0.04577400000000001,0.954226,0.969236,0.041217337823386296,0.049580035735768795,0.9504199642642313,0.9587826621766135,25.681759,20.0,4259.0,0.0,6.0,0.049580035735768795,0.9504199642642313,0.44693700000000003
126,tree6_47048.uai,20,0.030954000000000148,0.045584,0.954416,0.9690459999999999,0.03514081879904232,0.05284650970169088,0.9471534902983093,0.9648591812009577,0.030764,0.04577400000000001,0.954226,0.969236,0.041217337823386296,0.049580035735768795,0.9504199642642313,0.9587826621766135,27.935248,9.0,1991.0,1.0,7.0,0.041222970380952434,0.9587770296190476,0.422357
127,tree6_47048.uai,20,0.030954000000000148,0.045584,0.954416,0.9690459999999999,0.03514081879904233,0.05284650970169087,0.9471534902983091,0.9648591812009577,0.030764,0.04577400000000001,0.954226,0.969236,0.041217337823386296,0.049580035735768795,0.9504199642642313,0.9587826621766135,29.066265,76.0,16351.0,0.0,8.0,0.04941113290560857,0.9505888670943913,0.50414
128,tree6_47048.uai,20,0.030954000000000148,0.045584,0.954416,0.9690459999999999,0.03514081879904233,0.05284650970169087,0.9471534902983091,0.9648591812009577,0.030764,0.04577400000000001,0.954226,0.969236,0.041217337823386296,0.049580035735768795,0.9504199642642313,0.9587826621766135,28.956235,14.0,2994.0,1.0,9.0,0.04291432652770069,0.9570856734722993,0.35496300000000003
129,tree6_47048.uai,20,0.030954000000000148,0.045584,0.954416,0.9690459999999999,0.03514081879904233,0.05284650970169087,0.9471534902983091,0.9648591812009577,0.030764,0.04577400000000001,0.954226,0.969236,0.041217337823386296,0.0500007354905154,0.9499992645094845,0.9587826621766135,22.005703,13.0,2668.0,0.0,10.0,0.0500007354905154,0.9499992645094845,0.311941
130,tree6_47048.uai,20,0.030954000000000148,0.045584,0.954416,0.9690459999999999,0.03514081879904233,0.05284650970169087,0.9471534902983091,0.9648591812009577,0.030764,0.04577400000000001,0.954226,0.969236,0.041217337823386296,0.0500007354905154,0.9499992645094845,0.9587826621766135,23.508682,25.0,5153.0,0.0,11.0,0.04860627380428119,0.9513937261957185,0.37164200000000003
131,tree6_47048.uai,20,0.030954000000000148,0.045584,0.954416,0.9690459999999999,0.03514081879904233,0.05284650970169087,0.9471534902983091,0.9648591812009577,0.030764,0.04577400000000001,0.954226,0.969236,0.041217337823386296,0.0500007354905154,0.9499992645094845,0.9587826621766135,22.519665,71.0,14648.0,1.0,12.0,0.04150134822412073,0.9584986517758791,0.370087
132,tree6_47048.uai,20,0.030954000000000148,0.045584,0.954416,0.9690459999999999,0.03514081879904233,0.05284650970169087,0.9471534902983091,0.9648591812009577,0.030764,0.04577400000000001,0.954226,0.969236,0.041217337823386296,0.0500007354905154,0.9499992645094845,0.9587826621766135,24.73987,50.0,10285.0,0.0,13.0,0.04973573080621923,0.9502642691937806,0.440189
133,tree6_47048.uai,20,0.030954000000000148,0.045584,0.954416,0.9690459999999999,0.03514081879904233,0.05284650970169087,0.9471534902983091,0.9648591812009577,0.030764,0.04577400000000001,0.954226,0.969236,0.041217337823386296,0.0500007354905154,0.9499992645094845,0.9587826621766135,27.53109,13.0,2690.0,0.0,14.0,0.04877052325806967,0.9512294767419303,0.450122
134,tree6_47048.uai,20,0.030954000000000148,0.045584,0.954416,0.9690459999999999,0.03478153884631924,0.05292676068185882,0.9470732393181411,0.9652184611536807,0.030764,0.04577400000000001,0.954226,0.969236,0.041217337823386296,0.0500007354905154,0.9499992645094845,0.9587826621766135,26.616636,86.0,17711.0,1.0,15.0,0.04123078706479488,0.9587692129352051,0.540492
135,tree6_47048.uai,20,0.030954000000000148,0.045584,0.954416,0.9690459999999999,0.03478153884631924,0.05292676068185882,0.9470732393181411,0.9652184611536807,0.030764,0.04577400000000001,0.954226,0.969236,0.041217337823386296,0.0500007354905154,0.9499992645094845,0.9587826621766135,31.950959,3.0,615.0,0.0,16.0,0.049129298662268533,0.9508707013377315,0.417428
136,tree6_47048.uai,20,0.030954000000000148,0.045584,0.954416,0.9690459999999999,0.03478153884631924,0.05292676068185882,0.9470732393181411,0.9652184611536807,0.030764,0.04577400000000001,0.954226,0.969236,0.041217337823386296,0.0500007354905154,0.9499992645094845,0.9587826621766135,27.037276,33.0,6806.0,1.0,17.0,0.04512519542045353,0.954874804579546,0.271507
137,tree6_47048.uai,20,0.030954000000000148,0.045584,0.954416,0.9690459999999999,0.03478153884631924,0.05292676068185882,0.9470732393181411,0.9652184611536807,0.030764,0.04577400000000001,0.954226,0.969236,0.041217337823386296,0.0500007354905154,0.9499992645094845,0.9587826621766135,26.948258,47.0,9714.0,0.0,18.0,0.04653396556000182,0.9534660344399981,0.306157
138,tree6_47048.uai,20,0.030954000000000148,0.045584,0.954416,0.9690459999999999,0.03478153884631924,0.052995770185517224,0.9470042298144827,0.9652184611536807,0.030764,0.04577400000000001,0.954226,0.969236,0.041217337823386296,0.0500007354905154,0.9499992645094845,0.9587826621766135,33.646978,14.0,2892.0,0.0,19.0,0.048751140213848555,0.9512488597861513,0.338699
139,tree6_47048.uai,20,0.030954000000000148,0.045584,0.954416,0.9690459999999999,0.03478153884631924,0.052995770185517224,0.9470042298144827,0.9652184611536807,0.030764,0.04577400000000001,0.954226,0.969236,0.041217337823386296,0.0500007354905154,0.9499992645094845,0.9587826621766135,33.903134,77.0,15925.0,0.0,20.0,0.046142926792638386,0.9538570732073614,0.380836
140,tree6_53596.uai,20,0.465479,0.473897,0.526103,0.534521,0.4583558863960472,0.4583558863960472,0.5416441136039528,0.5416441136039528,0.465065,0.474311,0.525689,0.534935,0.4583558863960472,0.4583558863960472,0.5416441136039528,0.5416441136039528,9.449559,49.0,11811.0,0.0,1.0,0.4583558863960472,0.5416441136039528,5.595223000000001
141,tree6_53596.uai,20,0.465479,0.473897,0.526103,0.534521,0.4578240267686089,0.4715507707714478,0.5284492292285522,0.5421759732313913,0.465065,0.474311,0.525689,0.534935,0.4583558863960472,0.4709316135787707,0.5290683864212291,0.5416441136039528,20.835414,18.0,3851.0,1.0,2.0,0.4709316135787707,0.5290683864212291,0.26479
142,tree6_53596.uai,20,0.465479,0.473897,0.526103,0.534521,0.457813505314116,0.4717699882297839,0.5282300117702161,0.542186494685884,0.465065,0.474311,0.525689,0.534935,0.4583558863960472,0.4709316135787707,0.5290683864212291,0.5416441136039528,20.996368,42.0,8815.0,1.0,3.0,0.4652112795381927,0.5347887204618071,0.30484900000000004
143,tree6_53596.uai,20,0.465479,0.473897,0.526103,0.534521,0.457813505314116,0.4717699882297839,0.5282300117702161,0.542186494685884,0.465065,0.474311,0.525689,0.534935,0.4583558863960472,0.4709316135787707,0.5290683864212291,0.5416441136039528,23.051281,54.0,11438.0,0.0,4.0,0.4641466192207638,0.5358533807792363,0.289252
144,tree6_53596.uai,20,0.465479,0.473897,0.526103,0.534521,0.4577619597730149,0.4717731445589187,0.5282268554410813,0.5422380402269851,0.465065,0.474311,0.525689,0.534935,0.4583558863960472,0.4709316135787707,0.5290683864212291,0.5416441136039528,27.001419,68.0,14361.0,1.0,5.0,0.465408051213051,0.5345919487869492,0.295361
145,tree6_53596.uai,20,0.465479,0.473897,0.526103,0.534521,0.4577619597730149,0.4717731445589187,0.5282268554410813,0.5422380402269851,0.465065,0.474311,0.525689,0.534935,0.4583558863960472,0.4709316135787707,0.5290683864212291,0.5416441136039528,28.531898,14.0,2947.0,1.0,6.0,0.4704123244836262,0.529587675516374,0.33687
146,tree6_53596.uai,20,0.465479,0.473897,0.526103,0.534521,0.4577619597730149,0.4717731445589187,0.5282268554410813,0.5422380402269851,0.465065,0.474311,0.525689,0.534935,0.4583558863960472,0.4709316135787707,0.5290683864212291,0.5416441136039528,28.273286,29.0,6097.0,0.0,7.0,0.4643936115507219,0.5356063884492782,0.298503
147,tree6_53596.uai,20,0.465479,0.473897,0.526103,0.534521,0.4577619597730149,0.4717731445589187,0.5282268554410813,0.5422380402269851,0.465065,0.474311,0.525689,0.534935,0.4583558863960472,0.4709316135787707,0.5290683864212291,0.5416441136039528,32.312042,25.0,5274.0,1.0,8.0,0.46908583379568564,0.5309141662043146,0.404499
148,tree6_53596.uai,20,0.465479,0.473897,0.526103,0.534521,0.45764371559265576,0.4717803850989058,0.5282196149010943,0.5423562844073443,0.465065,0.474311,0.525689,0.534935,0.4583558863960472,0.4709316135787707,0.5290683864212291,0.5416441136039528,31.384972,65.0,13668.0,0.0,9.0,0.46126326147689467,0.5387367385231049,0.442911
149,tree6_53596.uai,20,0.465479,0.473897,0.526103,0.534521,0.45764371559265576,0.4717803850989058,0.5282196149010943,0.5423562844073443,0.465065,0.474311,0.525689,0.534935,0.4583558863960472,0.4709316135787707,0.5290683864212291,0.5416441136039528,38.588905,36.0,7582.0,1.0,10.0,0.4658729463419783,0.5341270536580216,0.33111599999999997
150,tree6_53596.uai,20,0.465479,0.473897,0.526103,0.534521,0.45764371559265576,0.4717803850989058,0.5282196149010943,0.5423562844073443,0.465065,0.474311,0.525689,0.534935,0.4583558863960472,0.4709316135787707,0.5290683864212291,0.5416441136039528,64.840642,11.0,2314.0,0.0,11.0,0.4621722505249654,0.5378277494750345,0.37592800000000004
151,tree6_53596.uai,20,0.465479,0.473897,0.526103,0.534521,0.45764371559265576,0.4717803850989058,0.5282196149010943,0.5423562844073443,0.465065,0.474311,0.525689,0.534935,0.4583558863960472,0.4709316135787707,0.5290683864212291,0.5416441136039528,47.881056,53.0,11579.0,1.0,12.0,0.4696428150288669,0.5303571849711332,0.400282
152,tree6_53596.uai,20,0.465479,0.473897,0.526103,0.534521,0.45764371559265576,0.47182936722837787,0.528170632771622,0.5423562844073443,0.465065,0.474311,0.525689,0.534935,0.4583558863960472,0.4709316135787707,0.5290683864212291,0.5416441136039528,52.660141,89.0,18781.0,1.0,13.0,0.47011419726588355,0.5298858027341163,0.406365
153,tree6_53596.uai,20,0.465479,0.473897,0.526103,0.534521,0.45763005116456457,0.4718302058429444,0.5281697941570557,0.5423699488354354,0.465065,0.474311,0.525689,0.534935,0.4583558863960472,0.4709316135787707,0.5290683864212291,0.5416441136039528,47.435546,43.0,9085.0,0.0,14.0,0.4618854558332999,0.5381145441667001,0.373195
154,tree6_53596.uai,20,0.465479,0.473897,0.526103,0.534521,0.45763005116456457,0.4718302058429444,0.5281697941570557,0.5423699488354354,0.465065,0.474311,0.525689,0.534935,0.4583558863960472,0.4709316135787707,0.5290683864212291,0.5416441136039528,30.910448,55.0,11572.0,1.0,15.0,0.4693168667257588,0.5306831332742411,0.395901
155,tree6_53596.uai,20,0.465479,0.473897,0.526103,0.534521,0.45763005116456457,0.4718302058429444,0.5281697941570557,0.5423699488354354,0.465065,0.474311,0.525689,0.534935,0.4583558863960472,0.4709316135787707,0.5290683864212291,0.5416441136039528,29.850214,78.0,16392.0,0.0,16.0,0.4619214720454882,0.5380785279545118,0.386695
156,tree6_53596.uai,20,0.465479,0.473897,0.526103,0.534521,0.4573351565989898,0.47184062374475116,0.5281593762552489,0.5426648434010102,0.465065,0.474311,0.525689,0.534935,0.4583558863960472,0.4709316135787707,0.5290683864212291,0.5416441136039528,32.65644,35.0,7346.0,0.0,17.0,0.46341642183647214,0.5365835781635276,0.35475
157,tree6_53596.uai,20,0.465479,0.473897,0.526103,0.534521,0.4573351565989898,0.47184062374475116,0.5281593762552489,0.5426648434010102,0.465065,0.474311,0.525689,0.534935,0.4583558863960472,0.4709316135787707,0.5290683864212291,0.5416441136039528,32.882274,28.0,5883.0,1.0,18.0,0.4684647104898688,0.531535289510131,0.313072
158,tree6_53596.uai,20,0.465479,0.473897,0.526103,0.534521,0.45732790836510445,0.47197568244743326,0.5280243175525667,0.5426720916348956,0.465065,0.474311,0.525689,0.534935,0.4583558863960472,0.47095867996946617,0.529041320030534,0.5416441136039528,35.352485,31.0,6500.0,1.0,19.0,0.47095867996946617,0.529041320030534,0.324685
159,tree6_53596.uai,20,0.465479,0.473897,0.526103,0.534521,0.45732790836510445,0.47197568244743326,0.5280243175525667,0.5426720916348956,0.465065,0.474311,0.525689,0.534935,0.4583558863960472,0.47095867996946617,0.529041320030534,0.5416441136039528,31.919588,74.0,15639.0,1.0,20.0,0.4706599539473522,0.5293400460526481,0.316076
160,tree6_2121.uai,20,0.928797,0.9308759999999999,0.06912400000000007,0.071203,0.9252916230561765,0.9252916230561765,0.07470837694382354,0.07470837694382354,0.927873,0.9318,0.06820000000000001,0.072127,0.9252916230561765,0.9252916230561765,0.07470837694382354,0.07470837694382354,11.965837,17.0,4964.0,0.0,1.0,0.9252916230561765,0.07470837694382354,2.816816
161,tree6_2121.uai,20,0.928797,0.9308759999999999,0.06912400000000007,0.071203,0.9241475785633321,0.9305228102763128,0.06947718972368716,0.07585242143666797,0.927873,0.9318,0.06820000000000001,0.072127,0.9252916230561765,0.929414329637777,0.07058567036222313,0.07470837694382354,17.341508,11.0,2340.0,1.0,2.0,0.929414329637777,0.07058567036222313,0.41434499999999996
162,tree6_2121.uai,20,0.928797,0.9308759999999999,0.06912400000000007,0.071203,0.9239257420896965,0.9312873095031252,0.06871269049687478,0.07607425791030373,0.927873,0.9318,0.06820000000000001,0.072127,0.9252916230561765,0.929414329637777,0.07058567036222313,0.07470837694382354,15.962818,16.0,3393.0,1.0,3.0,0.9284484850272591,0.0715515149727408,0.268664
163,tree6_2121.uai,20,0.928797,0.9308759999999999,0.06912400000000007,0.071203,0.9239257420896965,0.9312873095031252,0.06871269049687478,0.07607425791030373,0.927873,0.9318,0.06820000000000001,0.072127,0.9252916230561765,0.929414329637777,0.07058567036222313,0.07470837694382354,16.297907,14.0,2983.0,0.0,4.0,0.9259795003464304,0.07402049965356966,0.29842
164,tree6_2121.uai,20,0.928797,0.9308759999999999,0.06912400000000007,0.071203,0.9239257420896965,0.9312873095031252,0.06871269049687478,0.07607425791030373,0.927873,0.9318,0.06820000000000001,0.072127,0.9252916230561765,0.929414329637777,0.07058567036222313,0.07470837694382354,19.679441,15.0,3155.0,1.0,5.0,0.9284858495714274,0.07151415042857256,0.333821
165,tree6_2121.uai,20,0.928797,0.9308759999999999,0.06912400000000007,0.071203,0.9238079072639444,0.9312873095031254,0.0687126904968748,0.0761920927360557,0.927873,0.9318,0.06820000000000001,0.072127,0.9252916230561765,0.929414329637777,0.07058567036222313,0.07470837694382354,25.519301,13.0,2747.0,0.0,6.0,0.9260243729858966,0.07397562701410314,0.330789
166,tree6_2121.uai,20,0.928797,0.9308759999999999,0.06912400000000007,0.071203,0.9238079072639444,0.9312873095031254,0.0687126904968748,0.0761920927360557,0.927873,0.9318,0.06820000000000001,0.072127,0.9252916230561765,0.929414329637777,0.07058567036222313,0.07470837694382354,25.615166,18.0,3804.0,1.0,7.0,0.9279420248019756,0.07205797519802454,0.320257
167,tree6_2121.uai,20,0.928797,0.9308759999999999,0.06912400000000007,0.071203,0.9238079072639444,0.9312873095031254,0.0687126904968748,0.0761920927360557,0.927873,0.9318,0.06820000000000001,0.072127,0.9252916230561765,0.929414329637777,0.07058567036222313,0.07470837694382354,22.819503,14.0,2995.0,1.0,8.0,0.9279081824443416,0.07209181755565838,0.346568
168,tree6_2121.uai,20,0.928797,0.9308759999999999,0.06912400000000007,0.071203,0.9238079072639444,0.9312873095031254,0.0687126904968748,0.0761920927360557,0.927873,0.9318,0.06820000000000001,0.072127,0.9252916230561765,0.929414329637777,0.07058567036222313,0.07470837694382354,17.812243,19.0,4228.0,0.0,9.0,0.9263309914291011,0.0736690085708988,0.392279
169,tree6_2121.uai,20,0.928797,0.9308759999999999,0.06912400000000007,0.071203,0.9238079072639444,0.9312978692573206,0.06870213074267961,0.0761920927360557,0.927873,0.9318,0.06820000000000001,0.072127,0.9252916230561765,0.929414329637777,0.07058567036222313,0.07470837694382354,20.093216,10.0,2141.0,1.0,10.0,0.9293131807325864,0.07068681926741352,0.38142
170,tree6_2121.uai,20,0.928797,0.9308759999999999,0.06912400000000007,0.071203,0.9238079072639444,0.9312978692573206,0.06870213074267961,0.0761920927360557,0.927873,0.9318,0.06820000000000001,0.072127,0.9252916230561765,0.929414329637777,0.07058567036222313,0.07470837694382354,18.931792,20.0,4316.0,1.0,11.0,0.9279790545233706,0.07202094547662928,0.794616
171,tree6_2121.uai,20,0.928797,0.9308759999999999,0.06912400000000007,0.071203,0.9238079072639444,0.9312978692573206,0.06870213074267961,0.0761920927360557,0.927873,0.9318,0.06820000000000001,0.072127,0.9252916230561765,0.929414329637777,0.07058567036222313,0.07470837694382354,20.116383,24.0,5101.0,0.0,12.0,0.9261865773980907,0.07381342260190933,0.817008
172,tree6_2121.uai,20,0.928797,0.9308759999999999,0.06912400000000007,0.071203,0.9238079072639444,0.9312978692573206,0.06870213074267961,0.0761920927360557,0.927873,0.9318,0.06820000000000001,0.072127,0.9252916230561765,0.9295609277596324,0.07043907224036755,0.07470837694382354,20.478068,11.0,2321.0,1.0,13.0,0.9295609277596324,0.07043907224036755,0.36767
173,tree6_2121.uai,20,0.928797,0.9308759999999999,0.06912400000000007,0.071203,0.9236170007314433,0.9313502549656758,0.0686497450343244,0.07638299926855674,0.927873,0.9318,0.06820000000000001,0.072127,0.9252916230561765,0.9295609277596324,0.07043907224036755,0.07470837694382354,29.148928,17.0,3641.0,0.0,14.0,0.9264416067166246,0.07355839328337548,0.335225
174,tree6_2121.uai,20,0.928797,0.9308759999999999,0.06912400000000007,0.071203,0.9236170007314433,0.9313502549656758,0.0686497450343244,0.07638299926855674,0.927873,0.9318,0.06820000000000001,0.072127,0.9252916230561765,0.9295609277596324,0.07043907224036755,0.07470837694382354,24.335442,16.0,3453.0,0.0,15.0,0.9265531037993504,0.07344689620064934,0.380235
175,tree6_2121.uai,20,0.928797,0.9308759999999999,0.06912400000000007,0.071203,0.9236170007314433,0.9313502549656758,0.0686497450343244,0.07638299926855674,0.927873,0.9318,0.06820000000000001,0.072127,0.9252916230561765,0.9295609277596324,0.07043907224036755,0.07470837694382354,23.780434,18.0,3832.0,0.0,16.0,0.927210339858836,0.07278966014116386,0.32903899999999997
176,tree6_2121.uai,20,0.928797,0.9308759999999999,0.06912400000000007,0.071203,0.9234795267263176,0.9313502549656758,0.0686497450343244,0.07652047327368236,0.927873,0.9318,0.06820000000000001,0.072127,0.9252916230561765,0.9295609277596324,0.07043907224036755,0.07470837694382354,33.778163,17.0,3594.0,0.0,17.0,0.9260070148274759,0.07399298517252414,0.329603
177,tree6_2121.uai,20,0.928797,0.9308759999999999,0.06912400000000007,0.071203,0.9234795267263176,0.9313502549656758,0.0686497450343244,0.07652047327368236,0.927873,0.9318,0.06820000000000001,0.072127,0.9252916230561765,0.9295609277596324,0.07043907224036755,0.07470837694382354,25.868407,23.0,4847.0,0.0,18.0,0.9269203910104525,0.07307960898954745,0.343025
178,tree6_2121.uai,20,0.928797,0.9308759999999999,0.06912400000000007,0.071203,0.9234795267263176,0.9313502549656758,0.0686497450343244,0.07652047327368236,0.927873,0.9318,0.06820000000000001,0.072127,0.9252916230561765,0.9295609277596324,0.07043907224036755,0.07470837694382354,26.594665,11.0,2309.0,1.0,19.0,0.9293714805144213,0.07062851948557866,0.355691
179,tree6_2121.uai,20,0.928797,0.9308759999999999,0.06912400000000007,0.071203,0.9234795267263176,0.9313502549656758,0.0686497450343244,0.07652047327368236,0.927873,0.9318,0.06820000000000001,0.072127,0.9252916230561765,0.9295609277596324,0.07043907224036755,0.07470837694382354,29.732369,9.0,1888.0,0.0,20.0,0.9263920216206194,0.07360797837938102,0.295557
180,tree6_39894.uai,20,0.266304,0.28229400000000004,0.717706,0.733696,0.2778989437319825,0.2778989437319825,0.7221010562680175,0.7221010562680175,0.2632540000000001,0.28534400000000004,0.714656,0.7367460000000001,0.2778989437319825,0.2778989437319825,0.7221010562680175,0.7221010562680175,12.542992,23.0,6010.0,1.0,1.0,0.2778989437319825,0.7221010562680175,2.3901260000000004
181,tree6_39894.uai,20,0.266304,0.28229400000000004,0.717706,0.733696,0.27313920281948867,0.2811566435241399,0.7188433564758604,0.7268607971805113,0.2632540000000001,0.28534400000000004,0.714656,0.7367460000000001,0.27634091394823374,0.2778989437319825,0.7221010562680175,0.7236590860517664,15.506144,17.0,3598.0,1.0,2.0,0.27634091394823374,0.7236590860517664,0.334324
182,tree6_39894.uai,20,0.266304,0.28229400000000004,0.717706,0.733696,0.2727773959670757,0.2834369250130991,0.7165630749869012,0.7272226040329244,0.2632540000000001,0.28534400000000004,0.714656,0.7367460000000001,0.27634091394823374,0.28220316730958156,0.7177968326904183,0.7236590860517664,15.479406,15.0,3189.0,1.0,3.0,0.28220316730958156,0.7177968326904183,0.272291
183,tree6_39894.uai,20,0.266304,0.28229400000000004,0.717706,0.733696,0.27275004340368486,0.28343908432197445,0.7165609156780258,0.7272499565963151,0.2632540000000001,0.28534400000000004,0.714656,0.7367460000000001,0.27543937603576724,0.28220316730958156,0.7177968326904183,0.7245606239642326,15.78529,21.0,4416.0,1.0,4.0,0.27543937603576724,0.7245606239642326,0.283261
184,tree6_39894.uai,20,0.266304,0.28229400000000004,0.717706,0.733696,0.2715276573946897,0.28353558383175287,0.7164644161682474,0.7284723426053105,0.2632540000000001,0.28534400000000004,0.714656,0.7367460000000001,0.27543937603576724,0.28220316730958156,0.7177968326904183,0.7245606239642326,20.720683,22.0,4635.0,1.0,5.0,0.27776701688578415,0.7222329831142159,0.42035100000000003
185,tree6_39894.uai,20,0.266304,0.28229400000000004,0.717706,0.733696,0.26316994798242394,0.28489648371244103,0.715103516287559,0.7368300520175761,0.2632540000000001,0.28534400000000004,0.714656,0.7367460000000001,0.2668119982481835,0.28220316730958156,0.7177968326904183,0.7331880017518165,21.279163,23.0,4826.0,1.0,6.0,0.2668119982481835,0.7331880017518165,0.438793
186,tree6_39894.uai,20,0.266304,0.28229400000000004,0.717706,0.733696,0.26300094435482435,0.28595645131037445,0.7140435486896255,0.7369990556451756,0.2632540000000001,0.28534400000000004,0.714656,0.7367460000000001,0.2668119982481835,0.28220316730958156,0.7177968326904183,0.7331880017518165,20.337259,22.0,4616.0,1.0,7.0,0.28061570895711935,0.7193842910428807,0.34275
187,tree6_39894.uai,20,0.266304,0.28229400000000004,0.717706,0.733696,0.26127024092247864,0.2860931057844281,0.713906894215572,0.7387297590775213,0.2632540000000001,0.28534400000000004,0.714656,0.7367460000000001,0.2668119982481835,0.28220316730958156,0.7177968326904183,0.7331880017518165,25.012843,24.0,5031.0,1.0,8.0,0.2753753124901722,0.7246246875098276,0.798423
188,tree6_39894.uai,20,0.266304,0.28229400000000004,0.717706,0.733696,0.26127024092247864,0.2860931057844281,0.713906894215572,0.7387297590775213,0.2632540000000001,0.28534400000000004,0.714656,0.7367460000000001,0.2668119982481835,0.28220316730958156,0.7177968326904183,0.7331880017518165,28.529703,19.0,4058.0,1.0,9.0,0.280763471578787,0.719236528421213,0.37819
189,tree6_39894.uai,20,0.266304,0.28229400000000004,0.717706,0.733696,0.26127024092247864,0.2860931057844281,0.713906894215572,0.7387297590775213,0.2632540000000001,0.28534400000000004,0.714656,0.7367460000000001,0.2668119982481835,0.28220316730958156,0.7177968326904183,0.7331880017518165,26.215748,23.0,4897.0,1.0,10.0,0.2738495418220471,0.7261504581779529,0.367487
190,tree6_39894.uai,20,0.266304,0.28229400000000004,0.717706,0.733696,0.26127024092247864,0.2860931057844281,0.713906894215572,0.7387297590775213,0.2632540000000001,0.28534400000000004,0.714656,0.7367460000000001,0.2668119982481835,0.28220316730958156,0.7177968326904183,0.7331880017518165,31.596417,24.0,5016.0,1.0,11.0,0.28007313620141744,0.7199268637985826,0.296615
191,tree6_39894.uai,20,0.266304,0.28229400000000004,0.717706,0.733696,0.2608461439980487,0.2861627538401907,0.713837246159809,0.7391538560019514,0.2632540000000001,0.28534400000000004,0.714656,0.7367460000000001,0.2665614585446125,0.28220316730958156,0.7177968326904183,0.7334385414553876,33.427056,20.0,4206.0,1.0,12.0,0.2665614585446125,0.7334385414553876,0.718813
192,tree6_39894.uai,20,0.266304,0.28229400000000004,0.717706,0.733696,0.2608461439980487,0.28622976016767976,0.7137702398323205,0.7391538560019514,0.2632540000000001,0.28534400000000004,0.714656,0.7367460000000001,0.2665614585446125,0.28220316730958156,0.7177968326904183,0.7334385414553876,25.072974,28.0,6071.0,1.0,13.0,0.2769496310559893,0.7230503689440109,0.389981
193,tree6_39894.uai,20,0.266304,0.28229400000000004,0.717706,0.733696,0.2608461439980487,0.28622976016767976,0.7137702398323205,0.7391538560019514,0.2632540000000001,0.28534400000000004,0.714656,0.7367460000000001,0.2662660343156137,0.28220316730958156,0.7177968326904183,0.7337339656843863,28.747897,14.0,2964.0,1.0,14.0,0.2662660343156137,0.7337339656843863,0.386098
194,tree6_39894.uai,20,0.266304,0.28229400000000004,0.717706,0.733696,0.2608461439980487,0.28622976016767976,0.7137702398323205,0.7391538560019514,0.2632540000000001,0.28534400000000004,0.714656,0.7367460000000001,0.2662660343156137,0.28220316730958156,0.7177968326904183,0.7337339656843863,32.684226,23.0,4830.0,1.0,15.0,0.26846581035215444,0.7315341896478454,0.448499
195,tree6_39894.uai,20,0.266304,0.28229400000000004,0.717706,0.733696,0.26077509620220346,0.2862844112263521,0.7137155887736482,0.7392249037977966,0.2632540000000001,0.28534400000000004,0.714656,0.7367460000000001,0.2662660343156137,0.28220316730958156,0.7177968326904183,0.7337339656843863,29.384536,14.0,2960.0,1.0,16.0,0.2785445709314064,0.7214554290685937,0.352182
196,tree6_39894.uai,20,0.266304,0.28229400000000004,0.717706,0.733696,0.26077509620220346,0.2862844112263521,0.7137155887736482,0.7392249037977966,0.2632540000000001,0.28534400000000004,0.714656,0.7367460000000001,0.2662660343156137,0.28220316730958156,0.7177968326904183,0.7337339656843863,25.267024,22.0,4624.0,1.0,17.0,0.27072253518587347,0.7292774648141266,0.31466700000000003
197,tree6_39894.uai,20,0.266304,0.28229400000000004,0.717706,0.733696,0.26077509620220346,0.2862844112263521,0.7137155887736482,0.7392249037977966,0.2632540000000001,0.28534400000000004,0.714656,0.7367460000000001,0.2662660343156137,0.28220316730958156,0.7177968326904183,0.7337339656843863,27.486424,19.0,4021.0,1.0,18.0,0.2679458536001844,0.7320541463998155,2.0484269999999998
198,tree6_39894.uai,20,0.266304,0.28229400000000004,0.717706,0.733696,0.26042242635441426,0.28634236087895465,0.7136576391210454,0.7395775736455857,0.2632540000000001,0.28534400000000004,0.714656,0.7367460000000001,0.2659399322701436,0.28220316730958156,0.7177968326904183,0.7340600677298564,26.416911,23.0,4839.0,1.0,19.0,0.2659399322701436,0.7340600677298564,0.312639
199,tree6_39894.uai,20,0.266304,0.28229400000000004,0.717706,0.733696,0.26042242635441426,0.28634236087895465,0.7136576391210454,0.7395775736455857,0.2632540000000001,0.28534400000000004,0.714656,0.7367460000000001,0.2641520582596012,0.28220316730958156,0.7177968326904183,0.735847941740399,31.116574,22.0,4672.0,1.0,20.0,0.2641520582596012,0.735847941740399,0.33023
