,model,numberPoints,Pcn0_lbound,Pcn0_ubound,Pcn1_lbound,Pcn1_ubound,Ptrue0_lbound,Ptrue0_ubound,Ptrue1_lbound,Ptrue1_ubound,Puq0_lbound,Puq0_ubound,Puq1_lbound,Puq1_ubound,cn_time,em_iter,em_time,inside,num_points,precise0,precise1,uq_time
0,poly6_11613.uai,20,-1.0,-1.0,-1.0,-1.0,0.47795494999999993,0.5082863,0.4917137,0.52204505,-1.0,-1.0,-1.0,-1.0,0.0,100.0,36571.0,1.0,1.0,0.504349127360779,0.49565087263922103,3.057187
1,poly6_11613.uai,20,-1.0,-1.0,-1.0,-1.0,0.47795494999999993,0.5082863,0.4917137,0.52204505,-1.0,-1.0,-1.0,-1.0,0.0,100.0,35608.0,1.0,2.0,0.5029575393086778,0.4970424606913223,0.250973
2,poly6_11613.uai,20,-1.0,-1.0,-1.0,-1.0,0.47795494999999993,0.5082863,0.4917137,0.52204505,-1.0,-1.0,-1.0,-1.0,0.0,100.0,35588.0,1.0,3.0,0.5045482361299499,0.49545176387004997,0.323819
3,poly6_11613.uai,20,0.49142301358166834,0.5116230576040343,0.488376942395966,0.5085769864183319,0.47795494999999993,0.5082863,0.4917137,0.52204505,0.49690380925641564,0.5045482361299499,0.49545176387004997,0.5030961907435846,242.567624,28.0,9910.0,1.0,4.0,0.49690380925641564,0.5030961907435846,1.544098
4,poly6_11613.uai,20,0.49142301358166834,0.5116230576040343,0.488376942395966,0.5085769864183319,0.47795494999999993,0.5082863,0.4917137,0.52204505,0.49690380925641564,0.5045482361299499,0.49545176387004997,0.5030961907435846,278.805034,100.0,35415.0,1.0,5.0,0.5031445092727868,0.49685549072721336,0.35902100000000003
5,poly6_11613.uai,20,0.49142301358166834,0.5116230576040343,0.488376942395966,0.5085769864183319,0.47795494999999993,0.5082863,0.4917137,0.52204505,0.49690380925641564,0.5045482361299499,0.49545176387004997,0.5030961907435846,260.762277,69.0,24510.0,1.0,6.0,0.4998408393820005,0.5001591606179994,0.506749
6,poly6_11613.uai,20,0.47997172879217137,0.5193712541717607,0.4806287458282396,0.5200282712078289,0.47795494999999993,0.5082863,0.4917137,0.52204505,0.4968574141355126,0.5045482361299499,0.49545176387004997,0.5031425858644875,286.259295,93.0,33002.0,1.0,7.0,0.4968574141355126,0.5031425858644875,0.47436599999999995
7,poly6_11613.uai,20,0.4784625816648541,0.5197473623773076,0.48025263762269244,0.5215374183351459,0.47795494999999993,0.5082863,0.4917137,0.52204505,0.4964701685187656,0.5045482361299499,0.49545176387004997,0.5035298314812344,351.8349,46.0,16289.0,1.0,8.0,0.4964701685187656,0.5035298314812344,0.404877
8,poly6_11613.uai,20,0.4783674857355649,0.5203845059530133,0.4796154940469866,0.5216325142644354,0.47795494999999993,0.5082863,0.4917137,0.52204505,0.4964701685187656,0.5045482361299499,0.49545176387004997,0.5035298314812344,296.795065,100.0,35459.0,1.0,9.0,0.5009802020541899,0.4990197979458101,0.398641
9,poly6_11613.uai,20,0.4783674857355649,0.5203845059530133,0.4796154940469866,0.5216325142644354,0.47795494999999993,0.5082863,0.4917137,0.52204505,0.4964701685187656,0.5045482361299499,0.49545176387004997,0.5035298314812344,353.639568,100.0,35381.0,1.0,10.0,0.504251199100507,0.49574880089949297,0.351171
10,poly6_11613.uai,20,0.47800540593624696,0.5253337208617016,0.47466627913829834,0.521994594063753,0.47795494999999993,0.5082863,0.4917137,0.52204505,0.4964701685187656,0.5054020763427314,0.4945979236572686,0.5035298314812344,381.042498,100.0,35474.0,1.0,11.0,0.5054020763427314,0.4945979236572686,0.431862
11,poly6_11613.uai,20,0.47800540593624696,0.5255428208353462,0.4744571791646538,0.521994594063753,0.47795494999999993,0.5082863,0.4917137,0.52204505,0.4964701685187656,0.5054020763427314,0.4945979236572686,0.5035298314812344,351.279513,100.0,35504.0,1.0,12.0,0.5017254083605711,0.4982745916394289,0.426685
12,poly6_11613.uai,20,0.47774042687132684,0.5257287982714273,0.474271201728573,0.5222595731286732,0.47795494999999993,0.5082863,0.4917137,0.52204505,0.4960885016988552,0.5054020763427314,0.4945979236572686,0.5039114983011448,441.84526,31.0,11046.0,1.0,13.0,0.4960885016988552,0.5039114983011448,0.681636
13,poly6_11613.uai,20,0.47774042687132684,0.526804159981821,0.4731958400181791,0.5222595731286732,0.47795494999999993,0.5082863,0.4917137,0.52204505,0.4960885016988552,0.5103046479457988,0.4896953520542011,0.5039114983011448,516.161252,100.0,35600.0,0.0,14.0,0.5103046479457988,0.4896953520542011,0.39674
14,poly6_11613.uai,20,0.4777404268713266,0.5268041599818208,0.47319584001817916,0.5222595731286737,0.47795494999999993,0.5082863,0.4917137,0.52204505,0.4960885016988552,0.5103046479457988,0.4896953520542011,0.5039114983011448,627.028557,100.0,35399.0,1.0,15.0,0.4981251568224583,0.5018748431775418,0.41508100000000003
15,poly6_11613.uai,20,0.4777404268713266,0.5268041599818208,0.47319584001817916,0.5222595731286737,0.47795494999999993,0.5082863,0.4917137,0.52204505,0.4960885016988552,0.5103046479457988,0.4896953520542011,0.5039114983011448,627.961694,99.0,35072.0,1.0,16.0,0.4998144326900027,0.5001855673099973,0.532384
16,poly6_11613.uai,20,0.4777404268713266,0.5268041599818208,0.47319584001817916,0.5222595731286737,0.47795494999999993,0.5082863,0.4917137,0.52204505,0.4960885016988552,0.5103046479457988,0.4896953520542011,0.5039114983011448,673.061851,100.0,35479.0,1.0,17.0,0.500852385086773,0.49914761491322723,0.358443
17,poly6_11613.uai,20,0.4777404268713269,0.526804159981821,0.4731958400181791,0.5222595731286731,0.47795494999999993,0.5082863,0.4917137,0.52204505,0.4960885016988552,0.5103046479457988,0.4896953520542011,0.5039114983011448,761.791714,100.0,35661.0,1.0,18.0,0.49691113383306224,0.503088866166938,0.39097000000000004
18,poly6_11613.uai,20,0.4777404268713269,0.526804159981821,0.4731958400181791,0.5222595731286731,0.47795494999999993,0.5082863,0.4917137,0.52204505,0.4960885016988552,0.5103046479457988,0.4896953520542011,0.5039114983011448,762.135691,100.0,35358.0,1.0,19.0,0.5013671545070221,0.49863284549297804,0.342717
19,poly6_11613.uai,20,0.4777404268713269,0.526804159981821,0.4731958400181791,0.5222595731286731,0.47795494999999993,0.5082863,0.4917137,0.52204505,0.4960885016988552,0.5103046479457988,0.4896953520542011,0.5039114983011448,769.983468,100.0,35423.0,1.0,20.0,0.5027892166301194,0.49721078336988067,0.390614
20,poly6_39497.uai,20,0.043766938481155634,0.043766938481155634,0.9562330615188444,0.9562330615188444,0.03713376,0.044678079999999995,0.95532192,0.96286624,0.043766938481155634,0.043766938481155634,0.9562330615188444,0.9562330615188444,28.661401,84.0,32932.0,1.0,1.0,0.043766938481155634,0.9562330615188444,3.346937
21,poly6_39497.uai,20,0.040884539440484674,0.047222148728844206,0.952777851271156,0.9591154605595154,0.03713376,0.044678079999999995,0.95532192,0.96286624,0.043766938481155634,0.04400232495036541,0.9559976750496346,0.9562330615188444,64.923824,39.0,14686.0,1.0,2.0,0.04400232495036541,0.9559976750496346,0.322589
22,poly6_39497.uai,20,0.03820336252257134,0.047999931941803055,0.9520000680581969,0.9617966374774287,0.03713376,0.044678079999999995,0.95532192,0.96286624,0.041370964850800454,0.04400232495036541,0.9559976750496346,0.9586290351491995,87.364496,100.0,37651.0,1.0,3.0,0.041370964850800454,0.9586290351491995,0.290504
23,poly6_39497.uai,20,0.038022813177574666,0.0480252842137114,0.9519747157862886,0.9619771868224254,0.03713376,0.044678079999999995,0.95532192,0.96286624,0.041281687173718204,0.04400232495036541,0.9559976750496346,0.9587183128262817,153.021394,85.0,31992.0,1.0,4.0,0.041281687173718204,0.9587183128262817,0.437377
24,poly6_39497.uai,20,0.03699821800615987,0.04816915521685556,0.9518308447831444,0.9630017819938401,0.03713376,0.044678079999999995,0.95532192,0.96286624,0.039792919086366785,0.04400232495036541,0.9559976750496346,0.9602070809136334,187.048971,53.0,19919.0,1.0,5.0,0.039792919086366785,0.9602070809136334,0.399995
25,poly6_39497.uai,20,0.03699821800615987,0.04816915521685556,0.9518308447831444,0.9630017819938401,0.03713376,0.044678079999999995,0.95532192,0.96286624,0.039792919086366785,0.04400232495036541,0.9559976750496346,0.9602070809136334,156.461842,74.0,27815.0,1.0,6.0,0.04380911955865573,0.9561908804413443,0.39601600000000003
26,poly6_39497.uai,20,0.03673451885743363,0.05080954128697051,0.9491904587130295,0.9632654811425664,0.03713376,0.044678079999999995,0.95532192,0.96286624,0.039792919086366785,0.04634225715865318,0.9536577428413469,0.9602070809136334,133.573675,100.0,37577.0,0.0,7.0,0.04634225715865318,0.9536577428413469,0.435253
27,poly6_39497.uai,20,0.03673358096727474,0.050818932261961505,0.9491810677380386,0.9632664190327253,0.03713376,0.044678079999999995,0.95532192,0.96286624,0.039792919086366785,0.04634225715865318,0.9536577428413469,0.9602070809136334,157.497466,74.0,27717.0,1.0,8.0,0.04348257403235679,0.9565174259676434,0.440666
28,poly6_39497.uai,20,0.03673358096727474,0.050818932261961505,0.9491810677380386,0.9632664190327253,0.03713376,0.044678079999999995,0.95532192,0.96286624,0.039792919086366785,0.04634225715865318,0.9536577428413469,0.9602070809136334,205.200214,94.0,35338.0,1.0,9.0,0.043933798588202205,0.9560662014117977,0.408024
29,poly6_39497.uai,20,0.03673358096727474,0.050818932261961505,0.9491810677380386,0.9632664190327253,0.03713376,0.044678079999999995,0.95532192,0.96286624,0.039792919086366785,0.04634225715865318,0.9536577428413469,0.9602070809136334,200.978333,67.0,25153.0,1.0,10.0,0.04436884231913864,0.9556311576808613,0.405791
30,poly6_39497.uai,20,0.03673358096727474,0.05107664975781884,0.9489233502421812,0.9632664190327253,0.03713376,0.044678079999999995,0.95532192,0.96286624,0.039792919086366785,0.04867588444531331,0.9513241155546871,0.9602070809136334,176.509765,29.0,10878.0,0.0,11.0,0.04867588444531331,0.9513241155546871,0.384513
31,poly6_39497.uai,20,0.03673209386159853,0.051076860285305205,0.9489231397146948,0.9632679061384015,0.03713376,0.044678079999999995,0.95532192,0.96286624,0.039792919086366785,0.04867588444531331,0.9513241155546871,0.9602070809136334,157.209344,100.0,37690.0,0.0,12.0,0.04516479835172615,0.9548352016482742,0.362183
32,poly6_39497.uai,20,0.036732093861597974,0.05107686028530459,0.9489231397146954,0.9632679061384021,0.03713376,0.044678079999999995,0.95532192,0.96286624,0.039792919086366785,0.04867588444531331,0.9513241155546871,0.9602070809136334,149.427286,68.0,25565.0,0.0,13.0,0.04636430233975473,0.9536356976602454,0.569267
33,poly6_39497.uai,20,0.034591827977373334,0.07003353931236898,0.9299664606876312,0.9654081720226266,0.03713376,0.044678079999999995,0.95532192,0.96286624,0.039792919086366785,0.06298236795860156,0.9370176320413985,0.9602070809136334,162.921991,100.0,37672.0,0.0,14.0,0.06298236795860156,0.9370176320413985,0.370466
34,poly6_39497.uai,20,0.034591827977373334,0.07003353931236898,0.9299664606876312,0.9654081720226266,0.03713376,0.044678079999999995,0.95532192,0.96286624,0.039792919086366785,0.06298236795860156,0.9370176320413985,0.9602070809136334,145.135926,100.0,37534.0,1.0,15.0,0.04297563943176732,0.9570243605682328,0.36509
35,poly6_39497.uai,20,0.034591827977373334,0.07003353931236898,0.9299664606876312,0.9654081720226266,0.03713376,0.044678079999999995,0.95532192,0.96286624,0.039792919086366785,0.06298236795860156,0.9370176320413985,0.9602070809136334,156.471361,70.0,26297.0,1.0,16.0,0.04005764135097363,0.9599423586490267,0.339962
36,poly6_39497.uai,20,0.029257128177128323,0.07775878019941072,0.9222412198005895,0.9707428718228717,0.03713376,0.044678079999999995,0.95532192,0.96286624,0.035601120758995346,0.06298236795860156,0.9370176320413985,0.9643988792410045,210.185144,100.0,37633.0,0.0,17.0,0.035601120758995346,0.9643988792410045,0.377634
37,poly6_39497.uai,20,0.029257128177129214,0.0777587801994119,0.922241219800588,0.9707428718228708,0.03713376,0.044678079999999995,0.95532192,0.96286624,0.035601120758995346,0.06298236795860156,0.9370176320413985,0.9643988792410045,212.312537,100.0,37825.0,0.0,18.0,0.04643895247002172,0.9535610475299782,0.32200300000000004
38,poly6_39497.uai,20,0.029257128177129214,0.0777587801994119,0.922241219800588,0.9707428718228708,0.03713376,0.044678079999999995,0.95532192,0.96286624,0.035601120758995346,0.06298236795860156,0.9370176320413985,0.9643988792410045,226.487048,48.0,18011.0,1.0,19.0,0.042071824979276515,0.9579281750207234,0.33911199999999997
39,poly6_39497.uai,20,0.029257128177129214,0.0777587801994119,0.922241219800588,0.9707428718228708,0.03713376,0.044678079999999995,0.95532192,0.96286624,0.035601120758995346,0.06298236795860156,0.9370176320413985,0.9643988792410045,253.878405,53.0,19869.0,1.0,20.0,0.04084823671124642,0.9591517632887535,0.376202
40,poly6_28808.uai,20,0.5776868922985113,0.5776868922985113,0.4223131077014887,0.4223131077014887,0.56274132,0.58180632,0.41819368000000007,0.43725868,0.5776868922985112,0.5776868922985112,0.4223131077014886,0.4223131077014886,28.527063,24.0,9987.0,1.0,1.0,0.5776868922985112,0.4223131077014886,3.542763
41,poly6_28808.uai,20,0.5704330838154342,0.5852377507033248,0.4147622492966751,0.4295669161845657,0.56274132,0.58180632,0.41819368000000007,0.43725868,0.5776868922985112,0.5780758166052398,0.4219241833947607,0.4223131077014886,74.747344,29.0,10629.0,1.0,2.0,0.5780758166052398,0.4219241833947607,0.318991
42,poly6_28808.uai,20,0.5701292263158688,0.5893155195720461,0.4106844804279539,0.4298707736841311,0.56274132,0.58180632,0.41819368000000007,0.43725868,0.5776868922985112,0.5816737081269951,0.41832629187300496,0.4223131077014886,123.103291,23.0,8384.0,1.0,3.0,0.5816737081269951,0.41832629187300496,0.316148
43,poly6_28808.uai,20,0.5701292263158688,0.5893155195720461,0.4106844804279539,0.4298707736841311,0.56274132,0.58180632,0.41819368000000007,0.43725868,0.5776868922985112,0.5816737081269951,0.41832629187300496,0.4223131077014886,184.844123,28.0,10384.0,1.0,4.0,0.5777932018152849,0.42220679818471507,0.319573
44,poly6_28808.uai,20,0.569820020660073,0.5893155195720461,0.4106844804279539,0.430179979339927,0.56274132,0.58180632,0.41819368000000007,0.43725868,0.5774803779143332,0.5816737081269951,0.41832629187300496,0.4225196220856664,210.61937,25.0,9195.0,1.0,5.0,0.5774803779143332,0.4225196220856664,0.492942
45,poly6_28808.uai,20,0.5656101879027553,0.5932961989702591,0.4067038010297409,0.434389812097245,0.56274132,0.58180632,0.41819368000000007,0.43725868,0.5774803779143332,0.5816737081269951,0.41832629187300496,0.4225196220856664,202.512381,27.0,9916.0,1.0,6.0,0.5775377613348551,0.422462238665145,0.5200980000000001
46,poly6_28808.uai,20,0.5656101879027553,0.5932961989702591,0.4067038010297409,0.434389812097245,0.56274132,0.58180632,0.41819368000000007,0.43725868,0.5774803779143332,0.5816737081269951,0.41832629187300496,0.4225196220856664,227.920843,22.0,8146.0,1.0,7.0,0.5776430689682157,0.4223569310317845,0.345755
47,poly6_28808.uai,20,0.5656101879027553,0.5932961989702591,0.4067038010297409,0.434389812097245,0.56274132,0.58180632,0.41819368000000007,0.43725868,0.5774803779143332,0.5816737081269951,0.41832629187300496,0.4225196220856664,235.600683,30.0,11022.0,1.0,8.0,0.5786251837363671,0.42137481626363293,0.360199
48,poly6_28808.uai,20,0.5656101879027553,0.5932961989702591,0.4067038010297409,0.434389812097245,0.56274132,0.58180632,0.41819368000000007,0.43725868,0.5774803779143332,0.5816737081269951,0.41832629187300496,0.4225196220856664,267.407564,19.0,8823.0,1.0,9.0,0.5776768352461267,0.42232316475387344,0.43208899999999995
49,poly6_28808.uai,20,0.5655496566472982,0.5933523717340697,0.4066476282659303,0.4344503433527019,0.56274132,0.58180632,0.41819368000000007,0.43725868,0.5774803779143332,0.5816737081269951,0.41832629187300496,0.4225196220856664,220.229102,24.0,9715.0,1.0,10.0,0.5776324697850895,0.42236753021491025,0.351171
50,poly6_28808.uai,20,0.5655496566472982,0.5933523717340697,0.4066476282659303,0.4344503433527019,0.56274132,0.58180632,0.41819368000000007,0.43725868,0.5774803779143332,0.5816737081269951,0.41832629187300496,0.4225196220856664,228.256141,24.0,8762.0,1.0,11.0,0.5776544806597023,0.42234551934029785,0.390628
51,poly6_28808.uai,20,0.5650911667667439,0.5937935997483272,0.4062064002516728,0.4349088332332564,0.56274132,0.58180632,0.41819368000000007,0.43725868,0.5774803779143332,0.5816737081269951,0.41832629187300496,0.4225196220856664,249.924055,23.0,8401.0,1.0,12.0,0.5775821933632042,0.42241780663679573,0.342137
52,poly6_28808.uai,20,0.5645083558980019,0.5943473067486704,0.4056526932513295,0.43549164410199814,0.56274132,0.58180632,0.41819368000000007,0.43725868,0.5774803779143332,0.5816737081269951,0.41832629187300496,0.4225196220856664,255.234817,28.0,10239.0,1.0,13.0,0.5777646587098276,0.4222353412901724,0.360286
53,poly6_28808.uai,20,0.5642931161376377,0.594557594007535,0.40544240599246495,0.43570688386236234,0.56274132,0.58180632,0.41819368000000007,0.43725868,0.5774803779143332,0.5816737081269951,0.41832629187300496,0.4225196220856664,312.169429,24.0,8731.0,1.0,14.0,0.5777810468819953,0.4222189531180051,0.40315100000000004
54,poly6_28808.uai,20,0.5642931161376377,0.594557594007535,0.40544240599246495,0.43570688386236234,0.56274132,0.58180632,0.41819368000000007,0.43725868,0.5774803779143332,0.5816737081269951,0.41832629187300496,0.4225196220856664,349.579571,23.0,8426.0,1.0,15.0,0.5775382212937535,0.4224617787062465,0.527705
55,poly6_28808.uai,20,0.5642931161376377,0.594557594007535,0.40544240599246495,0.43570688386236234,0.56274132,0.58180632,0.41819368000000007,0.43725868,0.577466803201296,0.5816737081269951,0.41832629187300496,0.4225331967987041,386.310752,24.0,8743.0,1.0,16.0,0.577466803201296,0.4225331967987041,0.35954600000000003
56,poly6_28808.uai,20,0.5642931161376377,0.594557594007535,0.40544240599246495,0.43570688386236234,0.56274132,0.58180632,0.41819368000000007,0.43725868,0.577466803201296,0.5816737081269951,0.41832629187300496,0.4225331967987041,298.879187,21.0,7633.0,1.0,17.0,0.5809044027327642,0.4190955972672358,0.37272700000000003
57,poly6_28808.uai,20,0.5642931161376377,0.594557594007535,0.40544240599246495,0.43570688386236234,0.56274132,0.58180632,0.41819368000000007,0.43725868,0.577466803201296,0.5816737081269951,0.41832629187300496,0.4225331967987041,293.972298,22.0,8021.0,1.0,18.0,0.5779283089572956,0.42207169104270453,0.40874299999999997
58,poly6_28808.uai,20,0.5642931161376377,0.594557594007535,0.40544240599246495,0.43570688386236234,0.56274132,0.58180632,0.41819368000000007,0.43725868,0.577466803201296,0.5816737081269951,0.41832629187300496,0.4225331967987041,302.912471,20.0,7269.0,1.0,19.0,0.5776633785750864,0.42233662142491346,0.339084
59,poly6_28808.uai,20,0.5642931161376377,0.594557594007535,0.40544240599246495,0.43570688386236234,0.56274132,0.58180632,0.41819368000000007,0.43725868,0.577466803201296,0.5816737081269951,0.41832629187300496,0.4225331967987041,302.212736,23.0,8431.0,1.0,20.0,0.5775796581869668,0.4224203418130331,0.42032400000000003
60,poly6_87150.uai,20,0.48747810407284575,0.48747810407284575,0.5125218959271542,0.5125218959271542,0.3003666400000001,0.7234746400000001,0.27652536,0.69963336,0.48747810407284575,0.48747810407284575,0.5125218959271542,0.5125218959271542,25.06475,20.0,9079.0,1.0,1.0,0.48747810407284575,0.5125218959271542,3.349858
61,poly6_87150.uai,20,0.43334365176441153,0.550952963594468,0.449047036405532,0.5666563482355887,0.3003666400000001,0.7234746400000001,0.27652536,0.69963336,0.48747810407284575,0.4973099751044585,0.5026900248955416,0.5125218959271542,91.590377,19.0,7128.0,1.0,2.0,0.4973099751044585,0.5026900248955416,0.33378199999999997
62,poly6_87150.uai,20,0.3895044332410853,0.6036194802245543,0.3963805197754457,0.6104955667589149,0.3003666400000001,0.7234746400000001,0.27652536,0.69963336,0.48747810407284575,0.5077936400418109,0.492206359958189,0.5125218959271542,124.942225,19.0,7029.0,1.0,3.0,0.5077936400418109,0.492206359958189,0.296541
63,poly6_87150.uai,20,0.3462824818351199,0.6534148468124087,0.34658515318759137,0.6537175181648801,0.3003666400000001,0.7234746400000001,0.27652536,0.69963336,0.48747810407284575,0.5171928600934402,0.4828071399065597,0.5125218959271542,147.735492,22.0,8141.0,1.0,4.0,0.5171928600934402,0.4828071399065597,0.34180200000000005
64,poly6_87150.uai,20,0.3083559052071273,0.6985074002276933,0.30149259977230675,0.6916440947928727,0.3003666400000001,0.7234746400000001,0.27652536,0.69963336,0.48747810407284575,0.5232173686673981,0.4767826313326019,0.5125218959271542,134.23925,20.0,7428.0,1.0,5.0,0.5232173686673981,0.4767826313326019,0.383178
65,poly6_87150.uai,20,0.3083559052071273,0.6985074002276933,0.30149259977230675,0.6916440947928727,0.3003666400000001,0.7234746400000001,0.27652536,0.69963336,0.48747810407284575,0.5232173686673981,0.4767826313326019,0.5125218959271542,196.01301,14.0,5197.0,1.0,6.0,0.5047144623244461,0.49528553767555417,0.373274
66,poly6_87150.uai,20,0.3083046311665861,0.6985074002276933,0.30149259977230675,0.691695368833414,0.3003666400000001,0.7234746400000001,0.27652536,0.69963336,0.48747810407284575,0.5232173686673981,0.4767826313326019,0.5125218959271542,222.790956,36.0,13338.0,1.0,7.0,0.4948419806969935,0.5051580193030063,0.397026
67,poly6_87150.uai,20,0.3083046311665861,0.6985074002276933,0.30149259977230675,0.691695368833414,0.3003666400000001,0.7234746400000001,0.27652536,0.69963336,0.48747810407284575,0.5232173686673981,0.4767826313326019,0.5125218959271542,213.812685,52.0,19265.0,1.0,8.0,0.50064832053317,0.4993516794668301,0.391942
68,poly6_87150.uai,20,0.3083046311665861,0.6985074002276933,0.30149259977230675,0.691695368833414,0.3003666400000001,0.7234746400000001,0.27652536,0.69963336,0.48747810407284575,0.5236877837279725,0.4763122162720274,0.5125218959271542,201.583225,17.0,6282.0,1.0,9.0,0.5236877837279725,0.4763122162720274,0.369502
69,poly6_87150.uai,20,0.3083046311665861,0.6985074002276933,0.30149259977230675,0.691695368833414,0.3003666400000001,0.7234746400000001,0.27652536,0.69963336,0.48747810407284575,0.5236877837279725,0.4763122162720274,0.5125218959271542,239.393521,20.0,7464.0,1.0,10.0,0.48815466256181084,0.5118453374381894,0.358548
70,poly6_87150.uai,20,0.3081267830612304,0.6985074002276933,0.30149259977230675,0.6918732169387696,0.3003666400000001,0.7234746400000001,0.27652536,0.69963336,0.48747810407284575,0.5236877837279725,0.4763122162720274,0.5125218959271542,299.229638,25.0,9239.0,1.0,11.0,0.5185500518805839,0.48144994811941605,0.451087
71,poly6_87150.uai,20,0.3081267830612304,0.6985074002276933,0.30149259977230675,0.6918732169387696,0.3003666400000001,0.7234746400000001,0.27652536,0.69963336,0.48747810407284575,0.5236877837279725,0.4763122162720274,0.5125218959271542,316.284857,18.0,6683.0,1.0,12.0,0.488747796654533,0.511252203345467,0.363689
72,poly6_87150.uai,20,0.3003171273432878,0.7078297259491977,0.29217027405080237,0.6996828726567123,0.3003666400000001,0.7234746400000001,0.27652536,0.69963336,0.48747810407284575,0.5270746502409387,0.4729253497590615,0.5125218959271542,336.459505,17.0,6457.0,1.0,13.0,0.5270746502409387,0.4729253497590615,0.364512
73,poly6_87150.uai,20,0.2984402775693415,0.7093749063446635,0.2906250936553365,0.7015597224306588,0.3003666400000001,0.7234746400000001,0.27652536,0.69963336,0.4865943181641735,0.5270746502409387,0.4729253497590615,0.5134056818358267,299.450931,19.0,7230.0,1.0,14.0,0.4865943181641735,0.5134056818358267,0.35931
74,poly6_87150.uai,20,0.2984167300724723,0.7093843113531336,0.2906156886468664,0.7015832699275277,0.3003666400000001,0.7234746400000001,0.27652536,0.69963336,0.4865943181641735,0.5270746502409387,0.4729253497590615,0.5134056818358267,369.74772,24.0,8909.0,1.0,15.0,0.5130680458098341,0.48693195419016594,0.37720600000000004
75,poly6_87150.uai,20,0.2984167300724723,0.7093843113531336,0.2906156886468664,0.7015832699275277,0.3003666400000001,0.7234746400000001,0.27652536,0.69963336,0.4865943181641735,0.5270746502409387,0.4729253497590615,0.5134056818358267,417.988604,20.0,7496.0,1.0,16.0,0.5214011962238834,0.4785988037761165,0.376429
76,poly6_87150.uai,20,0.2984167300724723,0.7093843113531336,0.2906156886468664,0.7015832699275277,0.3003666400000001,0.7234746400000001,0.27652536,0.69963336,0.4865943181641735,0.5270746502409387,0.4729253497590615,0.5134056818358267,444.35223,14.0,5198.0,1.0,17.0,0.5183989081392419,0.48160109186075795,0.349241
77,poly6_87150.uai,20,0.2984167300724723,0.7093843113531336,0.2906156886468664,0.7015832699275277,0.3003666400000001,0.7234746400000001,0.27652536,0.69963336,0.4865943181641735,0.5270746502409387,0.4729253497590615,0.5134056818358267,514.082156,31.0,11631.0,1.0,18.0,0.4905760649500605,0.5094239350499393,0.353148
78,poly6_87150.uai,20,0.2984167300724723,0.7093843113531336,0.2906156886468664,0.7015832699275277,0.3003666400000001,0.7234746400000001,0.27652536,0.69963336,0.4865943181641735,0.5270746502409387,0.4729253497590615,0.5134056818358267,560.176309,22.0,8268.0,1.0,19.0,0.5212515871088477,0.47874841289115244,0.386795
79,poly6_87150.uai,20,0.2984167300724723,0.7093843113531336,0.2906156886468664,0.7015832699275277,0.3003666400000001,0.7234746400000001,0.27652536,0.69963336,0.4865943181641735,0.5270746502409387,0.4729253497590615,0.5134056818358267,605.160836,20.0,7426.0,1.0,20.0,0.5224335089903244,0.47756649100967574,0.496786
80,poly6_59370.uai,20,0.4532386743355315,0.4532386743355315,0.5467613256644686,0.5467613256644686,0.42005087999999996,0.4624444800000001,0.53755552,0.57994912,0.45323867433553133,0.45323867433553133,0.5467613256644683,0.5467613256644683,23.884488,62.0,24595.0,1.0,1.0,0.45323867433553133,0.5467613256644683,3.380948
81,poly6_59370.uai,20,0.42190435339972326,0.48879567740611995,0.51120432259388,0.5780956466002768,0.42005087999999996,0.4624444800000001,0.53755552,0.57994912,0.45323867433553133,0.4584963132057694,0.5415036867942307,0.5467613256644683,88.858225,53.0,19699.0,1.0,2.0,0.4584963132057694,0.5415036867942307,0.351197
82,poly6_59370.uai,20,0.41422158727513225,0.49350111291790766,0.5064988870820923,0.5857784127248677,0.42005087999999996,0.4624444800000001,0.53755552,0.57994912,0.4491858645021041,0.4584963132057694,0.5415036867942307,0.5508141354978958,100.609048,62.0,23110.0,1.0,3.0,0.4491858645021041,0.5508141354978958,0.381319
83,poly6_59370.uai,20,0.41407350801258197,0.49378463290085495,0.506215367099145,0.585926491987418,0.42005087999999996,0.4624444800000001,0.53755552,0.57994912,0.4491858645021041,0.4584963132057694,0.5415036867942307,0.5508141354978958,142.744105,57.0,21182.0,1.0,4.0,0.44970461654727123,0.5502953834527288,0.338124
84,poly6_59370.uai,20,0.41393511058749166,0.49404961555221205,0.505950384447788,0.5860648894125083,0.42005087999999996,0.4624444800000001,0.53755552,0.57994912,0.4491858645021041,0.4584963132057694,0.5415036867942307,0.5508141354978958,185.013693,98.0,36445.0,1.0,5.0,0.4575511597529377,0.5424488402470626,0.410208
85,poly6_59370.uai,20,0.3973327647535528,0.5016935473666158,0.4983064526333843,0.6026672352464472,0.42005087999999996,0.4624444800000001,0.53755552,0.57994912,0.43452273440981715,0.4584963132057694,0.5415036867942307,0.5654772655901827,196.933057,23.0,8645.0,1.0,6.0,0.43452273440981715,0.5654772655901827,0.48853900000000006
86,poly6_59370.uai,20,0.3927417109881727,0.5038122671188945,0.4961877328811055,0.6072582890118272,0.42005087999999996,0.4624444800000001,0.53755552,0.57994912,0.43452273440981715,0.4584963132057694,0.5415036867942307,0.5654772655901827,138.494512,84.0,31254.0,1.0,7.0,0.4410711105401528,0.558928889459847,0.398385
87,poly6_59370.uai,20,0.3927417109881727,0.5038122671188945,0.4961877328811055,0.6072582890118272,0.42005087999999996,0.4624444800000001,0.53755552,0.57994912,0.43452273440981715,0.4584963132057694,0.5415036867942307,0.5654772655901827,207.220462,58.0,21584.0,1.0,8.0,0.4484116561807938,0.5515883438192063,0.409965
88,poly6_59370.uai,20,0.3876985764114966,0.5061176051721874,0.49388239482781265,0.6123014235885034,0.42005087999999996,0.4624444800000001,0.53755552,0.57994912,0.43163612633911863,0.4584963132057694,0.5415036867942307,0.5683638736608816,199.945446,48.0,17943.0,1.0,9.0,0.43163612633911863,0.5683638736608816,0.412246
89,poly6_59370.uai,20,0.3853593124572571,0.5071869389621969,0.49281306103780315,0.6146406875427429,0.42005087999999996,0.4624444800000001,0.53755552,0.57994912,0.43111532970490474,0.4584963132057694,0.5415036867942307,0.5688846702950954,209.159692,64.0,24199.0,1.0,10.0,0.43111532970490474,0.5688846702950954,0.464531
90,poly6_59370.uai,20,0.3853593124572571,0.5072585667135113,0.4927414332864887,0.6146406875427429,0.42005087999999996,0.4624444800000001,0.53755552,0.57994912,0.42944746733452177,0.4584963132057694,0.5415036867942307,0.570552532665478,210.816939,67.0,25297.0,1.0,11.0,0.42944746733452177,0.570552532665478,0.41931799999999997
91,poly6_59370.uai,20,0.38292456952920356,0.5075073318376558,0.4924926681623442,0.6170754304707964,0.42005087999999996,0.4624444800000001,0.53755552,0.57994912,0.42944746733452177,0.4584963132057694,0.5415036867942307,0.570552532665478,211.711818,75.0,28364.0,1.0,12.0,0.4439137019475008,0.5560862980524993,0.347792
92,poly6_59370.uai,20,0.38292456952920356,0.5075073318376558,0.4924926681623442,0.6170754304707964,0.42005087999999996,0.4624444800000001,0.53755552,0.57994912,0.42944746733452177,0.4584963132057694,0.5415036867942307,0.570552532665478,254.195109,65.0,24535.0,1.0,13.0,0.43035951471147676,0.5696404852885232,0.37599899999999997
93,poly6_59370.uai,20,0.38272837869916276,0.5075788267843678,0.49242117321563217,0.6172716213008372,0.42005087999999996,0.4624444800000001,0.53755552,0.57994912,0.42885542590088344,0.4584963132057694,0.5415036867942307,0.5711445740991166,315.404554,63.0,23911.0,1.0,14.0,0.42885542590088344,0.5711445740991166,0.36495
94,poly6_59370.uai,20,0.38272837869916276,0.5075788267843678,0.49242117321563217,0.6172716213008372,0.42005087999999996,0.4624444800000001,0.53755552,0.57994912,0.42885542590088344,0.4584963132057694,0.5415036867942307,0.5711445740991166,338.049389,56.0,21145.0,1.0,15.0,0.45050266924745586,0.549497330752544,0.36261
95,poly6_59370.uai,20,0.38272837869916276,0.5075788267843678,0.49242117321563217,0.6172716213008372,0.42005087999999996,0.4624444800000001,0.53755552,0.57994912,0.42885542590088344,0.4584963132057694,0.5415036867942307,0.5711445740991166,371.119753,83.0,31371.0,1.0,16.0,0.45161103557815807,0.548388964421842,0.338181
96,poly6_59370.uai,20,0.37999369225949936,0.514329786036522,0.4856702139634779,0.6200063077405008,0.42005087999999996,0.4624444800000001,0.53755552,0.57994912,0.42885542590088344,0.4584963132057694,0.5415036867942307,0.5711445740991166,403.570567,71.0,26786.0,1.0,17.0,0.44909251115903004,0.5509074888409697,0.354201
97,poly6_59370.uai,20,0.37998765714098537,0.514332707570719,0.485667292429281,0.6200123428590146,0.42005087999999996,0.4624444800000001,0.53755552,0.57994912,0.42885542590088344,0.4584963132057694,0.5415036867942307,0.5711445740991166,413.522146,84.0,31725.0,1.0,18.0,0.43118717704276666,0.5688128229572332,0.41201
98,poly6_59370.uai,20,0.37998765714098537,0.514332707570719,0.485667292429281,0.6200123428590146,0.42005087999999996,0.4624444800000001,0.53755552,0.57994912,0.42885542590088344,0.4584963132057694,0.5415036867942307,0.5711445740991166,412.087853,63.0,23743.0,1.0,19.0,0.43385647303398917,0.5661435269660107,0.370907
99,poly6_59370.uai,20,0.37998765714098537,0.514332707570719,0.485667292429281,0.6200123428590146,0.42005087999999996,0.4624444800000001,0.53755552,0.57994912,0.42885542590088344,0.4584963132057694,0.5415036867942307,0.5711445740991166,421.880251,81.0,30536.0,1.0,20.0,0.44891942768580234,0.5510805723141976,0.389044
100,poly6_98512.uai,20,0.3668437849425754,0.3668437849425754,0.6331562150574247,0.6331562150574247,0.34579516000000005,0.40409116000000006,0.59590884,0.65420484,0.36684378494257547,0.36684378494257547,0.6331562150574248,0.6331562150574248,24.249488,34.0,13258.0,1.0,1.0,0.36684378494257547,0.6331562150574248,3.253659
101,poly6_98512.uai,20,0.3330294736518909,0.38605035146915145,0.6139496485308485,0.6669705263481092,0.34579516000000005,0.40409116000000006,0.59590884,0.65420484,0.35417732086300613,0.36684378494257547,0.6331562150574248,0.645822679136994,69.1778,39.0,13983.0,1.0,2.0,0.35417732086300613,0.645822679136994,0.296011
102,poly6_98512.uai,20,0.33081892404786784,0.39878352521677324,0.6012164747832268,0.6691810759521323,0.34579516000000005,0.40409116000000006,0.59590884,0.65420484,0.35417732086300613,0.37605255698521034,0.6239474430147895,0.645822679136994,100.502122,18.0,6433.0,1.0,3.0,0.37605255698521034,0.6239474430147895,0.292417
103,poly6_98512.uai,20,0.32347764513030813,0.4111564673616634,0.5888435326383369,0.6765223548696917,0.34579516000000005,0.40409116000000006,0.59590884,0.65420484,0.35417732086300613,0.37605255698521034,0.6239474430147895,0.645822679136994,111.878159,33.0,11849.0,1.0,4.0,0.3631107334101011,0.636889266589899,0.328885
104,poly6_98512.uai,20,0.32347764513030813,0.4111564673616634,0.5888435326383369,0.6765223548696917,0.34579516000000005,0.40409116000000006,0.59590884,0.65420484,0.35417732086300613,0.37605255698521034,0.6239474430147895,0.645822679136994,152.677363,31.0,11084.0,1.0,5.0,0.36188184927888944,0.6381181507211107,0.36699699999999996
105,poly6_98512.uai,20,0.31088339981679813,0.4191907866563818,0.5808092133436185,0.6891166001832018,0.34579516000000005,0.40409116000000006,0.59590884,0.65420484,0.3419923719230151,0.37605255698521034,0.6239474430147895,0.6580076280769849,193.93803,16.0,5831.0,0.0,6.0,0.3419923719230151,0.6580076280769849,0.505577
106,poly6_98512.uai,20,0.31088339981679813,0.4191907866563818,0.5808092133436185,0.6891166001832018,0.34579516000000005,0.40409116000000006,0.59590884,0.65420484,0.3419923719230151,0.37605255698521034,0.6239474430147895,0.6580076280769849,199.60281,22.0,7865.0,1.0,7.0,0.3572081747577419,0.6427918252422582,0.378453
107,poly6_98512.uai,20,0.31088339981679813,0.4191907866563818,0.5808092133436185,0.6891166001832018,0.34579516000000005,0.40409116000000006,0.59590884,0.65420484,0.3419923719230151,0.37605255698521034,0.6239474430147895,0.6580076280769849,229.990882,69.0,24709.0,1.0,8.0,0.36402465609408435,0.6359753439059154,0.521166
108,poly6_98512.uai,20,0.31088339981679813,0.4191907866563818,0.5808092133436185,0.6891166001832018,0.34579516000000005,0.40409116000000006,0.59590884,0.65420484,0.3419923719230151,0.37605255698521034,0.6239474430147895,0.6580076280769849,224.243163,43.0,15408.0,1.0,9.0,0.3684474359804476,0.6315525640195525,0.43836600000000003
109,poly6_98512.uai,20,0.3107560246803032,0.4192758231587597,0.5807241768412402,0.6892439753196968,0.34579516000000005,0.40409116000000006,0.59590884,0.65420484,0.3419923719230151,0.37605255698521034,0.6239474430147895,0.6580076280769849,222.597121,48.0,17178.0,1.0,10.0,0.35393752013573354,0.6460624798642667,0.353238
110,poly6_98512.uai,20,0.3107560246803032,0.4192758231587597,0.5807241768412402,0.6892439753196968,0.34579516000000005,0.40409116000000006,0.59590884,0.65420484,0.3419923719230151,0.37605255698521034,0.6239474430147895,0.6580076280769849,195.847679,55.0,19698.0,1.0,11.0,0.36888121869371404,0.6311187813062862,0.379921
111,poly6_98512.uai,20,0.31045433395041305,0.4195129699881499,0.5804870300118501,0.689545666049587,0.34579516000000005,0.40409116000000006,0.59590884,0.65420484,0.3419923719230151,0.37605255698521034,0.6239474430147895,0.6580076280769849,211.18061,35.0,12534.0,1.0,12.0,0.36469798516703705,0.635302014832963,0.343997
112,poly6_98512.uai,20,0.3083061577684241,0.4211440090347862,0.5788559909652138,0.6916938422315759,0.34579516000000005,0.40409116000000006,0.59590884,0.65420484,0.3419923719230151,0.37605255698521034,0.6239474430147895,0.6580076280769849,262.988293,13.0,4647.0,1.0,13.0,0.353066777919749,0.6469332220802511,0.390856
113,poly6_98512.uai,20,0.30171807150400526,0.4216473391778688,0.5783526608221312,0.6982819284959945,0.34579516000000005,0.40409116000000006,0.59590884,0.65420484,0.3419923719230151,0.37605255698521034,0.6239474430147895,0.6580076280769849,286.437449,39.0,13964.0,1.0,14.0,0.36553222937815505,0.634467770621845,0.35118
114,poly6_98512.uai,20,0.30171807150400526,0.4216473391778688,0.5783526608221312,0.6982819284959945,0.34579516000000005,0.40409116000000006,0.59590884,0.65420484,0.3419923719230151,0.3798738537433766,0.6201261462566229,0.6580076280769849,349.035855,30.0,10688.0,1.0,15.0,0.3798738537433766,0.6201261462566229,0.357367
115,poly6_98512.uai,20,0.30171807150400526,0.4216473391778688,0.5783526608221312,0.6982819284959945,0.34579516000000005,0.40409116000000006,0.59590884,0.65420484,0.3419923719230151,0.3798738537433766,0.6201261462566229,0.6580076280769849,375.385007,34.0,12233.0,1.0,16.0,0.3579232516586669,0.6420767483413329,0.337567
116,poly6_98512.uai,20,0.30171807150400526,0.4232672893228711,0.5767327106771288,0.6982819284959945,0.34579516000000005,0.40409116000000006,0.59590884,0.65420484,0.3419923719230151,0.3798738537433766,0.6201261462566229,0.6580076280769849,394.735018,82.0,29737.0,1.0,17.0,0.37893420820262363,0.6210657917973765,0.388892
117,poly6_98512.uai,20,0.3009974076332929,0.42372504767008157,0.5762749523299184,0.699002592366707,0.34579516000000005,0.40409116000000006,0.59590884,0.65420484,0.3419923719230151,0.3798738537433766,0.6201261462566229,0.6580076280769849,415.858221,47.0,17000.0,1.0,18.0,0.3771771364975899,0.6228228635024103,0.345618
118,poly6_98512.uai,20,0.3009974076332929,0.42372504767008157,0.5762749523299184,0.699002592366707,0.34579516000000005,0.40409116000000006,0.59590884,0.65420484,0.3419923719230151,0.3798738537433766,0.6201261462566229,0.6580076280769849,451.729744,39.0,14115.0,1.0,19.0,0.3649091182064007,0.6350908817935991,0.33885299999999996
119,poly6_98512.uai,20,0.3009974076332929,0.42372504767008157,0.5762749523299184,0.699002592366707,0.34579516000000005,0.40409116000000006,0.59590884,0.65420484,0.3419923719230151,0.3798738537433766,0.6201261462566229,0.6580076280769849,485.081395,41.0,14811.0,1.0,20.0,0.3657092993680685,0.6342907006319315,0.383734
120,poly6_63710.uai,20,0.695830157429476,0.695830157429476,0.304169842570524,0.304169842570524,0.66961,0.791875,0.20812500000000003,0.33039,0.6958301574294758,0.6958301574294758,0.30416984257052393,0.30416984257052393,27.484956,47.0,18752.0,1.0,1.0,0.6958301574294758,0.30416984257052393,3.0391000000000004
121,poly6_63710.uai,20,0.6907783578889393,0.7589214540147956,0.24107854598520445,0.3092216421110607,0.66961,0.791875,0.20812500000000003,0.33039,0.6958301574294758,0.7526493295168064,0.24735067048319354,0.30416984257052393,65.406987,19.0,7064.0,1.0,2.0,0.7526493295168064,0.24735067048319354,0.34560100000000005
122,poly6_63710.uai,20,0.6893223723759451,0.7589214540147956,0.24107854598520445,0.3106776276240548,0.66961,0.791875,0.20812500000000003,0.33039,0.6958301574294758,0.7526493295168064,0.24735067048319354,0.30416984257052393,94.057979,50.0,18611.0,1.0,3.0,0.7395322158756981,0.2604677841243019,0.31627099999999997
123,poly6_63710.uai,20,0.6893223723759451,0.7589214540147956,0.24107854598520445,0.3106776276240548,0.66961,0.791875,0.20812500000000003,0.33039,0.6958301574294758,0.7526493295168064,0.24735067048319354,0.30416984257052393,121.64894,71.0,26666.0,1.0,4.0,0.7321733758256673,0.2678266241743325,0.298861
124,poly6_63710.uai,20,0.6893223723759451,0.7590366142782533,0.2409633857217467,0.3106776276240548,0.66961,0.791875,0.20812500000000003,0.33039,0.6958301574294758,0.7526493295168064,0.24735067048319354,0.30416984257052393,152.84351,25.0,9712.0,1.0,5.0,0.7089211767912749,0.29107882320872475,0.388348
125,poly6_63710.uai,20,0.6893223723759451,0.7968065935854483,0.20319340641455175,0.3106776276240548,0.66961,0.791875,0.20812500000000003,0.33039,0.6958301574294758,0.7929854396442674,0.2070145603557325,0.30416984257052393,184.284561,37.0,13886.0,0.0,6.0,0.7929854396442674,0.2070145603557325,0.480746
126,poly6_63710.uai,20,0.6893223723759451,0.7978584352883408,0.20214156471165926,0.3106776276240548,0.66961,0.791875,0.20812500000000003,0.33039,0.6958301574294758,0.7929854396442674,0.2070145603557325,0.30416984257052393,209.074154,95.0,35563.0,1.0,7.0,0.7105976558320499,0.28940234416795,0.39153899999999997
127,poly6_63710.uai,20,0.6893223723759451,0.7978584352883408,0.20214156471165926,0.3106776276240548,0.66961,0.791875,0.20812500000000003,0.33039,0.6958301574294758,0.7929854396442674,0.2070145603557325,0.30416984257052393,180.463388,100.0,37516.0,1.0,8.0,0.7525229731703832,0.24747702682961664,0.368966
128,poly6_63710.uai,20,0.6893223723759451,0.7978584352883408,0.20214156471165926,0.3106776276240548,0.66961,0.791875,0.20812500000000003,0.33039,0.6958301574294758,0.7929854396442674,0.2070145603557325,0.30416984257052393,206.483801,47.0,17586.0,1.0,9.0,0.7475828877199985,0.25241711228000124,0.384788
129,poly6_63710.uai,20,0.6893223723759451,0.7984011429311137,0.2015988570688863,0.3106776276240548,0.66961,0.791875,0.20812500000000003,0.33039,0.6958301574294758,0.7969901295369943,0.20300987046300575,0.30416984257052393,218.963752,60.0,22473.0,0.0,10.0,0.7969901295369943,0.20300987046300575,0.403633
130,poly6_63710.uai,20,0.6892685903273268,0.7984011429311137,0.2015988570688863,0.3107314096726732,0.66961,0.791875,0.20812500000000003,0.33039,0.6958301574294758,0.7969901295369943,0.20300987046300575,0.30416984257052393,189.890321,40.0,14944.0,1.0,11.0,0.7111392069067941,0.28886079309320556,0.429446
131,poly6_63710.uai,20,0.6851864727689719,0.7984011429311137,0.2015988570688863,0.31481352723102807,0.66961,0.791875,0.20812500000000003,0.33039,0.6931054137399337,0.7969901295369943,0.20300987046300575,0.3068945862600663,176.718788,86.0,32249.0,1.0,12.0,0.6931054137399337,0.3068945862600663,0.338515
132,poly6_63710.uai,20,0.6795884916207258,0.7984011429311137,0.2015988570688863,0.32041150837927435,0.66961,0.791875,0.20812500000000003,0.33039,0.6847430593516979,0.7969901295369943,0.20300987046300575,0.3152569406483018,153.73523,37.0,13819.0,1.0,13.0,0.6847430593516979,0.3152569406483018,0.417263
133,poly6_63710.uai,20,0.6795884916207258,0.8014054762596587,0.1985945237403412,0.32041150837927435,0.66961,0.791875,0.20812500000000003,0.33039,0.6847430593516979,0.7995820816267909,0.20041791837320916,0.3152569406483018,197.975688,49.0,18390.0,0.0,14.0,0.7995820816267909,0.20041791837320916,0.447813
134,poly6_63710.uai,20,0.679587929680109,0.8014054762596587,0.1985945237403412,0.320412070319891,0.66961,0.791875,0.20812500000000003,0.33039,0.6847430593516979,0.7995820816267909,0.20041791837320916,0.3152569406483018,202.241239,42.0,15681.0,1.0,15.0,0.6942417543479606,0.30575824565203985,0.36521499999999996
135,poly6_63710.uai,20,0.6794669825992948,0.8014054762596587,0.1985945237403412,0.3205330174007052,0.66961,0.791875,0.20812500000000003,0.33039,0.6847430593516979,0.7995820816267909,0.20041791837320916,0.3152569406483018,218.142214,15.0,5629.0,1.0,16.0,0.6888207671341362,0.311179232865864,0.36753800000000003
136,poly6_63710.uai,20,0.6788679444865979,0.8014054762596587,0.1985945237403412,0.32113205551340207,0.66961,0.791875,0.20812500000000003,0.33039,0.6847430593516979,0.7995820816267909,0.20041791837320916,0.3152569406483018,205.057604,60.0,22486.0,1.0,17.0,0.784743040482692,0.2152569595173081,0.368253
137,poly6_63710.uai,20,0.6788679444865979,0.8014054762596587,0.1985945237403412,0.32113205551340207,0.66961,0.791875,0.20812500000000003,0.33039,0.6847430593516979,0.7995820816267909,0.20041791837320916,0.3152569406483018,203.318641,45.0,16894.0,0.0,18.0,0.7994117510128493,0.20058824898715047,0.331977
138,poly6_63710.uai,20,0.6788679444865979,0.8014054762596587,0.1985945237403412,0.32113205551340207,0.66961,0.791875,0.20812500000000003,0.33039,0.6847430593516979,0.7995820816267909,0.20041791837320916,0.3152569406483018,206.61834,43.0,16307.0,1.0,19.0,0.7485355448563809,0.2514644551436194,0.341159
139,poly6_63710.uai,20,0.678609227701677,0.8014054762596587,0.1985945237403412,0.3213907722983231,0.66961,0.791875,0.20812500000000003,0.33039,0.6847430593516979,0.7995820816267909,0.20041791837320916,0.3152569406483018,261.367669,36.0,13566.0,1.0,20.0,0.6952623707275514,0.3047376292724488,0.41079699999999997
140,poly6_56998.uai,20,0.5640358633358543,0.5640358633358543,0.43596413666414596,0.43596413666414596,0.544517,0.5629850000000001,0.437015,0.455483,0.5640358633358542,0.5640358633358542,0.4359641366641459,0.4359641366641459,21.104229,45.0,18143.0,0.0,1.0,0.5640358633358542,0.4359641366641459,3.6933920000000002
141,poly6_56998.uai,20,0.5218638434396969,0.5677545652400848,0.4322454347599152,0.47813615656030334,0.544517,0.5629850000000001,0.437015,0.455483,0.5278826417753674,0.5640358633358542,0.4359641366641459,0.4721173582246324,60.644475,23.0,8653.0,0.0,2.0,0.5278826417753674,0.4721173582246324,0.367656
142,poly6_56998.uai,20,0.5204823093370222,0.5786096255961558,0.42139037440384425,0.47951769066297806,0.544517,0.5629850000000001,0.437015,0.455483,0.5278826417753674,0.5714320624122884,0.42856793758771194,0.4721173582246324,97.854284,33.0,12239.0,0.0,3.0,0.5714320624122884,0.42856793758771194,0.335231
143,poly6_56998.uai,20,0.5073119900906676,0.5799788500135536,0.42002114998644635,0.4926880099093324,0.544517,0.5629850000000001,0.437015,0.455483,0.5278826417753674,0.5714320624122884,0.42856793758771194,0.4721173582246324,118.786897,100.0,37171.0,0.0,4.0,0.5371242331096878,0.462875766890312,0.476833
144,poly6_56998.uai,20,0.506054689816138,0.5805281304392325,0.41947186956076754,0.4939453101838623,0.544517,0.5629850000000001,0.437015,0.455483,0.5278826417753674,0.5714320624122884,0.42856793758771194,0.4721173582246324,112.564719,83.0,30859.0,0.0,5.0,0.5426695417793456,0.4573304582206543,0.51083
145,poly6_56998.uai,20,0.5032483427499361,0.5822160799132503,0.4177839200867497,0.4967516572500639,0.544517,0.5629850000000001,0.437015,0.455483,0.5278826417753674,0.5714320624122884,0.42856793758771194,0.4721173582246324,115.61334,100.0,37031.0,0.0,6.0,0.5379176722440269,0.4620823277559731,0.411926
146,poly6_56998.uai,20,0.5032483427499361,0.5822160799132503,0.4177839200867497,0.4967516572500639,0.544517,0.5629850000000001,0.437015,0.455483,0.5278826417753674,0.5714320624122884,0.42856793758771194,0.4721173582246324,133.341874,53.0,19640.0,0.0,7.0,0.5659638535633525,0.4340361464366475,0.39809700000000003
147,poly6_56998.uai,20,0.5032483427499361,0.5822160799132503,0.4177839200867497,0.4967516572500639,0.544517,0.5629850000000001,0.437015,0.455483,0.5278826417753674,0.5714320624122884,0.42856793758771194,0.4721173582246324,132.6828,100.0,37054.0,0.0,8.0,0.53617542654564,0.4638245734543599,0.381453
148,poly6_56998.uai,20,0.5032483427499361,0.5822160799132503,0.4177839200867497,0.4967516572500639,0.544517,0.5629850000000001,0.437015,0.455483,0.5278826417753674,0.5714320624122884,0.42856793758771194,0.4721173582246324,132.543141,42.0,15531.0,1.0,9.0,0.5591076658545588,0.4408923341454413,0.384216
149,poly6_56998.uai,20,0.5032483427499361,0.5822160799132503,0.4177839200867497,0.4967516572500639,0.544517,0.5629850000000001,0.437015,0.455483,0.5278826417753674,0.5714320624122884,0.42856793758771194,0.4721173582246324,142.734878,49.0,18190.0,0.0,10.0,0.5640360290259019,0.43596397097409834,0.397933
150,poly6_56998.uai,20,0.5032483427499361,0.5822160799132503,0.4177839200867497,0.4967516572500639,0.544517,0.5629850000000001,0.437015,0.455483,0.5278826417753674,0.5714320624122884,0.42856793758771194,0.4721173582246324,135.827355,43.0,15947.0,1.0,11.0,0.5603519922023479,0.4396480077976522,0.371675
151,poly6_56998.uai,20,0.5032483427499361,0.5837806518516472,0.4162193481483528,0.4967516572500639,0.544517,0.5629850000000001,0.437015,0.455483,0.5278826417753674,0.5752532660795201,0.4247467339204799,0.4721173582246324,132.167691,55.0,20383.0,0.0,12.0,0.5752532660795201,0.4247467339204799,0.37076699999999996
152,poly6_56998.uai,20,0.5032483427499361,0.5837806518516472,0.4162193481483528,0.4967516572500639,0.544517,0.5629850000000001,0.437015,0.455483,0.5278826417753674,0.5752532660795201,0.4247467339204799,0.4721173582246324,160.259286,100.0,37212.0,0.0,13.0,0.5402980701800736,0.45970192981992636,0.511579
153,poly6_56998.uai,20,0.5032483427499361,0.5838612488864444,0.4161387511135556,0.4967516572500639,0.544517,0.5629850000000001,0.437015,0.455483,0.5278826417753674,0.5752532660795201,0.4247467339204799,0.4721173582246324,165.224222,38.0,14132.0,0.0,14.0,0.5712960320675143,0.4287039679324857,0.450561
154,poly6_56998.uai,20,0.5032483427499361,0.5838612488864444,0.4161387511135556,0.4967516572500639,0.544517,0.5629850000000001,0.437015,0.455483,0.5278826417753674,0.5752532660795201,0.4247467339204799,0.4721173582246324,203.181794,47.0,17497.0,0.0,15.0,0.56708326248213,0.43291673751786997,0.404145
155,poly6_56998.uai,20,0.5032483427499361,0.5838612488864444,0.4161387511135556,0.4967516572500639,0.544517,0.5629850000000001,0.437015,0.455483,0.5278826417753674,0.5752532660795201,0.4247467339204799,0.4721173582246324,218.662262,61.0,22725.0,1.0,16.0,0.5471842211841913,0.4528157788158087,0.40534400000000004
156,poly6_56998.uai,20,0.5031250099100352,0.5839324881729009,0.41606751182709917,0.49687499008996483,0.544517,0.5629850000000001,0.437015,0.455483,0.5278826417753674,0.5752532660795201,0.4247467339204799,0.4721173582246324,260.773032,33.0,12255.0,1.0,17.0,0.5574783708745777,0.44252162912542253,0.473013
157,poly6_56998.uai,20,0.5031250099100352,0.5839324881729009,0.41606751182709917,0.49687499008996483,0.544517,0.5629850000000001,0.437015,0.455483,0.5278826417753674,0.5752532660795201,0.4247467339204799,0.4721173582246324,257.688903,47.0,17467.0,0.0,18.0,0.5656215291565997,0.43437847084340026,0.354714
158,poly6_56998.uai,20,0.5031250099100352,0.5839324881729009,0.41606751182709917,0.49687499008996483,0.544517,0.5629850000000001,0.437015,0.455483,0.5278826417753674,0.5752532660795201,0.4247467339204799,0.4721173582246324,269.785584,38.0,14102.0,1.0,19.0,0.5570063122332786,0.4429936877667214,0.36849299999999996
159,poly6_56998.uai,20,0.5031250099100352,0.5839324881729009,0.41606751182709917,0.49687499008996483,0.544517,0.5629850000000001,0.437015,0.455483,0.5278826417753674,0.5752532660795201,0.4247467339204799,0.4721173582246324,279.151239,41.0,15188.0,1.0,20.0,0.5596196288449404,0.4403803711550593,0.369518
160,poly6_42643.uai,20,0.3831838856602709,0.3831838856602709,0.6168161143397294,0.6168161143397294,0.36074439999999997,0.37629303999999997,0.62370696,0.6392556,0.38318388566027084,0.38318388566027084,0.6168161143397293,0.6168161143397293,30.596665,27.0,11391.0,0.0,1.0,0.38318388566027084,0.6168161143397293,4.107351
161,poly6_42643.uai,20,0.3673077281473988,0.38715803943039007,0.6128419605696099,0.6326922718526012,0.36074439999999997,0.37629303999999997,0.62370696,0.6392556,0.37285626268201194,0.38318388566027084,0.6168161143397293,0.6271437373179883,71.27756,23.0,8701.0,1.0,2.0,0.37285626268201194,0.6271437373179883,0.36456900000000003
162,poly6_42643.uai,20,0.3625838522484917,0.38827645046411974,0.6117235495358803,0.6374161477515083,0.36074439999999997,0.37629303999999997,0.62370696,0.6392556,0.3696853434603346,0.38318388566027084,0.6168161143397293,0.6303146565396652,98.835171,64.0,24006.0,1.0,3.0,0.3696853434603346,0.6303146565396652,0.349852
163,poly6_42643.uai,20,0.36222042739379257,0.3902184127051929,0.6097815872948072,0.6377795726062077,0.36074439999999997,0.37629303999999997,0.62370696,0.6392556,0.3696853434603346,0.38318388566027084,0.6168161143397293,0.6303146565396652,142.9754,33.0,12345.0,1.0,4.0,0.37267834179700793,0.6273216582029923,0.35371
164,poly6_42643.uai,20,0.36026819602736115,0.390657858783859,0.6093421412161409,0.6397318039726388,0.36074439999999997,0.37629303999999997,0.62370696,0.6392556,0.36733529960564215,0.38318388566027084,0.6168161143397293,0.6326647003943576,138.446381,18.0,6748.0,1.0,5.0,0.36733529960564215,0.6326647003943576,0.431519
165,poly6_42643.uai,20,0.36026819602736115,0.390657858783859,0.6093421412161409,0.6397318039726388,0.36074439999999997,0.37629303999999997,0.62370696,0.6392556,0.36733529960564215,0.38318388566027084,0.6168161143397293,0.6326647003943576,155.350703,37.0,13892.0,1.0,6.0,0.3752624766503167,0.6247375233496834,0.40495
166,poly6_42643.uai,20,0.3583782476852942,0.39953877547420125,0.6004612245257988,0.6416217523147059,0.36074439999999997,0.37629303999999997,0.62370696,0.6392556,0.36733529960564215,0.38318388566027084,0.6168161143397293,0.6326647003943576,173.949675,27.0,10098.0,0.0,7.0,0.3806386618126495,0.6193613381873504,0.370777
167,poly6_42643.uai,20,0.3581677733515029,0.40005273730442553,0.5999472626955744,0.6418322266484972,0.36074439999999997,0.37629303999999997,0.62370696,0.6392556,0.36733529960564215,0.38318388566027084,0.6168161143397293,0.6326647003943576,182.635612,27.0,10131.0,1.0,8.0,0.3736581892095569,0.626341810790443,0.409115
168,poly6_42643.uai,20,0.3581677733515029,0.40005273730442553,0.5999472626955744,0.6418322266484972,0.36074439999999997,0.37629303999999997,0.62370696,0.6392556,0.36733529960564215,0.38318388566027084,0.6168161143397293,0.6326647003943576,223.907418,48.0,18025.0,1.0,9.0,0.3708882589575402,0.6291117410424598,0.445561
169,poly6_42643.uai,20,0.35807855200649313,0.4000718309473278,0.5999281690526722,0.6419214479935069,0.36074439999999997,0.37629303999999997,0.62370696,0.6392556,0.3665950190886082,0.38318388566027084,0.6168161143397293,0.633404980911392,228.901111,42.0,15749.0,1.0,10.0,0.3665950190886082,0.633404980911392,0.427094
170,poly6_42643.uai,20,0.35779161459145753,0.4000718309473278,0.5999281690526722,0.6422083854085424,0.36074439999999997,0.37629303999999997,0.62370696,0.6392556,0.3665950190886082,0.38318388566027084,0.6168161143397293,0.633404980911392,226.42618,29.0,10875.0,1.0,11.0,0.37075408887121203,0.6292459111287878,0.437599
171,poly6_42643.uai,20,0.35779161459145753,0.4000718309473278,0.5999281690526722,0.6422083854085424,0.36074439999999997,0.37629303999999997,0.62370696,0.6392556,0.3665950190886082,0.39014334184097044,0.6098566581590296,0.633404980911392,199.018281,52.0,19477.0,0.0,12.0,0.39014334184097044,0.6098566581590296,0.40306699999999995
172,poly6_42643.uai,20,0.35779161459145753,0.4000718309473278,0.5999281690526722,0.6422083854085424,0.36074439999999997,0.37629303999999997,0.62370696,0.6392556,0.3665950190886082,0.39014334184097044,0.6098566581590296,0.633404980911392,184.952919,32.0,12047.0,1.0,13.0,0.3741190922331256,0.6258809077668742,0.461591
173,poly6_42643.uai,20,0.35779161459145753,0.4000718309473278,0.5999281690526722,0.6422083854085424,0.36074439999999997,0.37629303999999997,0.62370696,0.6392556,0.3665950190886082,0.39014334184097044,0.6098566581590296,0.633404980911392,198.901375,73.0,27948.0,1.0,14.0,0.3680727940974565,0.6319272059025439,0.405548
174,poly6_42643.uai,20,0.3577664814976945,0.4005138473059663,0.5994861526940337,0.6422335185023051,0.36074439999999997,0.37629303999999997,0.62370696,0.6392556,0.3665950190886082,0.39014334184097044,0.6098566581590296,0.633404980911392,249.263327,22.0,8240.0,0.0,15.0,0.3870189032102984,0.6129810967897016,0.434455
175,poly6_42643.uai,20,0.3577664814976945,0.4005138473059663,0.5994861526940337,0.6422335185023051,0.36074439999999997,0.37629303999999997,0.62370696,0.6392556,0.3665950190886082,0.39014334184097044,0.6098566581590296,0.633404980911392,254.744546,22.0,8270.0,0.0,16.0,0.38080751106597555,0.6191924889340246,0.407895
176,poly6_42643.uai,20,0.357626153605996,0.40071038385936525,0.5992896161406347,0.6423738463940041,0.36074439999999997,0.37629303999999997,0.62370696,0.6392556,0.3665950190886082,0.39014334184097044,0.6098566581590296,0.633404980911392,312.467627,72.0,27049.0,1.0,17.0,0.3691174266692027,0.6308825733307972,0.421385
177,poly6_42643.uai,20,0.357626153605996,0.40071038385936525,0.5992896161406347,0.6423738463940041,0.36074439999999997,0.37629303999999997,0.62370696,0.6392556,0.3665950190886082,0.39014334184097044,0.6098566581590296,0.633404980911392,341.071859,44.0,16545.0,0.0,18.0,0.3791574531224711,0.6208425468775286,0.332741
178,poly6_42643.uai,20,0.357626153605996,0.40391977956249514,0.5960802204375049,0.6423738463940041,0.36074439999999997,0.37629303999999997,0.62370696,0.6392556,0.3665950190886082,0.39014334184097044,0.6098566581590296,0.633404980911392,362.821325,30.0,11219.0,1.0,19.0,0.3736302278477315,0.6263697721522684,0.482251
179,poly6_42643.uai,20,0.357626153605996,0.40391977956249514,0.5960802204375049,0.6423738463940041,0.36074439999999997,0.37629303999999997,0.62370696,0.6392556,0.3665950190886082,0.39014334184097044,0.6098566581590296,0.633404980911392,383.660775,17.0,6408.0,0.0,20.0,0.37780700206533263,0.6221929979346673,0.450045
180,poly6_46754.uai,20,0.8042645050063457,0.8042645050063457,0.19573549499365422,0.19573549499365422,0.8112868000000001,0.8155418000000001,0.1844582,0.18871320000000003,0.8042645050063457,0.8042645050063457,0.19573549499365422,0.19573549499365422,25.061252,18.0,8104.0,0.0,1.0,0.8042645050063457,0.19573549499365422,3.6563670000000004
181,poly6_46754.uai,20,0.8009583008297847,0.8059034347301196,0.19409656526988045,0.19904169917021527,0.8112868000000001,0.8155418000000001,0.1844582,0.18871320000000003,0.8028143969075886,0.8042645050063457,0.19573549499365422,0.19718560309241132,53.942621,63.0,24308.0,0.0,2.0,0.8028143969075886,0.19718560309241132,0.35803399999999996
182,poly6_46754.uai,20,0.7957302463630834,0.8103238380519904,0.18967616194800963,0.20426975363691666,0.8112868000000001,0.8155418000000001,0.1844582,0.18871320000000003,0.8028143969075886,0.8042645050063457,0.19573549499365422,0.19718560309241132,78.748051,9.0,3467.0,0.0,3.0,0.8030579141820926,0.1969420858179074,0.420817
183,poly6_46754.uai,20,0.7868814316484739,0.8138929736314242,0.18610702636857582,0.21311856835152615,0.8112868000000001,0.8155418000000001,0.1844582,0.18871320000000003,0.7975882079249805,0.8042645050063457,0.19573549499365422,0.20241179207501953,112.521473,20.0,7670.0,0.0,4.0,0.7975882079249805,0.20241179207501953,0.44808499999999996
184,poly6_46754.uai,20,0.7868814316484739,0.8138929736314242,0.18610702636857582,0.21311856835152615,0.8112868000000001,0.8155418000000001,0.1844582,0.18871320000000003,0.7975882079249805,0.8042645050063457,0.19573549499365422,0.20241179207501953,131.193168,26.0,9976.0,0.0,5.0,0.8042256691538117,0.19577433084618806,0.384627
185,poly6_46754.uai,20,0.7787308707084005,0.8143260116271693,0.18567398837283064,0.2212691292915995,0.8112868000000001,0.8155418000000001,0.1844582,0.18871320000000003,0.7931073168461156,0.8042645050063457,0.19573549499365422,0.2068926831538844,147.476381,21.0,8020.0,0.0,6.0,0.7931073168461156,0.2068926831538844,0.443368
186,poly6_46754.uai,20,0.7787308707084005,0.8149795493691863,0.18502045063081377,0.2212691292915995,0.8112868000000001,0.8155418000000001,0.1844582,0.18871320000000003,0.7931073168461156,0.8042645050063457,0.19573549499365422,0.2068926831538844,173.66776,12.0,4588.0,0.0,7.0,0.7953619959573572,0.2046380040426426,0.48997999999999997
187,poly6_46754.uai,20,0.7787308707084005,0.8149795493691863,0.18502045063081377,0.2212691292915995,0.8112868000000001,0.8155418000000001,0.1844582,0.18871320000000003,0.7931073168461156,0.8042645050063457,0.19573549499365422,0.2068926831538844,211.617284,6.0,2285.0,0.0,8.0,0.7982582979540659,0.20174170204593403,0.356852
188,poly6_46754.uai,20,0.7787308707084005,0.8149795493691863,0.18502045063081377,0.2212691292915995,0.8112868000000001,0.8155418000000001,0.1844582,0.18871320000000003,0.7931073168461156,0.8042645050063457,0.19573549499365422,0.2068926831538844,224.365102,12.0,4587.0,0.0,9.0,0.7997545495038545,0.20024545049614545,0.36438400000000004
189,poly6_46754.uai,20,0.7787308707084005,0.8149795493691863,0.18502045063081377,0.2212691292915995,0.8112868000000001,0.8155418000000001,0.1844582,0.18871320000000003,0.7931073168461156,0.8042645050063457,0.19573549499365422,0.2068926831538844,305.509468,19.0,7262.0,0.0,10.0,0.7955608049356329,0.20443919506436709,0.454891
190,poly6_46754.uai,20,0.77871391089927,0.8149795493691863,0.18502045063081377,0.22128608910073,0.8112868000000001,0.8155418000000001,0.1844582,0.18871320000000003,0.7931073168461156,0.8042645050063457,0.19573549499365422,0.2068926831538844,276.250881,24.0,9189.0,0.0,11.0,0.7992548570268327,0.2007451429731671,0.447246
191,poly6_46754.uai,20,0.77871391089927,0.8149795493691863,0.18502045063081377,0.22128608910073,0.8112868000000001,0.8155418000000001,0.1844582,0.18871320000000003,0.7931073168461156,0.8042645050063457,0.19573549499365422,0.2068926831538844,185.694363,53.0,20338.0,0.0,12.0,0.8014595815248814,0.19854041847511858,0.353644
192,poly6_46754.uai,20,0.7787139108992699,0.8149795493691859,0.18502045063081413,0.22128608910073017,0.8112868000000001,0.8155418000000001,0.1844582,0.18871320000000003,0.7931073168461156,0.8042645050063457,0.19573549499365422,0.2068926831538844,197.036234,20.0,7685.0,0.0,13.0,0.793154689303216,0.20684531069678405,0.439662
193,poly6_46754.uai,20,0.7780779390436708,0.8155852822166566,0.1844147177833434,0.2219220609563292,0.8112868000000001,0.8155418000000001,0.1844582,0.18871320000000003,0.7931073168461156,0.8042645050063457,0.19573549499365422,0.2068926831538844,198.295555,11.0,4190.0,0.0,14.0,0.803048637065986,0.19695136293401408,0.444337
194,poly6_46754.uai,20,0.7780779390436708,0.8155852822166566,0.1844147177833434,0.2219220609563292,0.8112868000000001,0.8155418000000001,0.1844582,0.18871320000000003,0.7931073168461156,0.8042645050063457,0.19573549499365422,0.2068926831538844,199.249957,12.0,4593.0,0.0,15.0,0.8035235187655788,0.19647648123442124,0.37040399999999996
195,poly6_46754.uai,20,0.7780779390436708,0.8155852822166566,0.1844147177833434,0.2219220609563292,0.8112868000000001,0.8155418000000001,0.1844582,0.18871320000000003,0.7931073168461156,0.8043137836013936,0.1956862163986064,0.2068926831538844,200.828469,52.0,19921.0,0.0,16.0,0.8043137836013936,0.1956862163986064,0.36127
196,poly6_46754.uai,20,0.7780779390436708,0.8160746490131295,0.18392535098687046,0.2219220609563292,0.8112868000000001,0.8155418000000001,0.1844582,0.18871320000000003,0.7931073168461156,0.8043137836013936,0.1956862163986064,0.2068926831538844,209.543346,13.0,4964.0,0.0,17.0,0.8036091736300328,0.19639082636996713,0.538897
197,poly6_46754.uai,20,0.7780715994997393,0.816074976765969,0.18392502323403098,0.22192840050026083,0.8112868000000001,0.8155418000000001,0.1844582,0.18871320000000003,0.7931073168461156,0.8043137836013936,0.1956862163986064,0.2068926831538844,210.467604,12.0,4582.0,0.0,18.0,0.8036320758311222,0.19636792416887763,0.33734
198,poly6_46754.uai,20,0.7780715994997393,0.816074976765969,0.18392502323403098,0.22192840050026083,0.8112868000000001,0.8155418000000001,0.1844582,0.18871320000000003,0.7931073168461156,0.8043137836013936,0.1956862163986064,0.2068926831538844,200.51583,23.0,8800.0,0.0,19.0,0.800877399768247,0.19912260023175296,0.472156
199,poly6_46754.uai,20,0.7780715994997393,0.816074976765969,0.18392502323403098,0.22192840050026083,0.8112868000000001,0.8155418000000001,0.1844582,0.18871320000000003,0.7931073168461156,0.8043137836013936,0.1956862163986064,0.2068926831538844,208.103667,25.0,9613.0,0.0,20.0,0.8036769575110152,0.1963230424889845,0.424497
