,model,numberPoints,Pcn0_lbound,Pcn0_ubound,Pcn1_lbound,Pcn1_ubound,Ptrue0_lbound,Ptrue0_ubound,Ptrue1_lbound,Ptrue1_ubound,Puq0_lbound,Puq0_ubound,Puq1_lbound,Puq1_ubound,num_points
0,poly4_52551.uai,10,0.8503010814717519,0.8503010814717519,0.14969891852824815,0.14969891852824815,0.06879999999999999,0.9688,0.0312,0.9312,0.8503010814717518,0.8503010814717518,0.14969891852824813,0.14969891852824813,1.0
1,poly4_52551.uai,10,0.8503010814717519,0.8761766063978813,0.12382339360211873,0.14969891852824815,0.06879999999999999,0.9688,0.0312,0.9312,0.8503010814717518,0.8761766063978815,0.12382339360211869,0.14969891852824813,2.0
2,poly4_52551.uai,10,0.13200939289499503,0.8761766063978813,0.12382339360211873,0.867990607105005,0.06879999999999999,0.9688,0.0312,0.9312,0.13200939289499505,0.8761766063978815,0.12382339360211869,0.8679906071050051,3.0
3,poly4_52551.uai,10,0.13200939289499503,0.8761766063978813,0.12382339360211873,0.867990607105005,0.06879999999999999,0.9688,0.0312,0.9312,0.13200939289499505,0.8761766063978815,0.12382339360211869,0.8679906071050051,4.0
4,poly4_52551.uai,10,0.13200939289499503,0.8761766063978813,0.12382339360211873,0.867990607105005,0.06879999999999999,0.9688,0.0312,0.9312,0.13200939289499505,0.8761766063978815,0.12382339360211869,0.8679906071050051,5.0
5,poly4_52551.uai,10,0.10716597748213923,0.8761766063978813,0.12382339360211873,0.8928340225178608,0.06879999999999999,0.9688,0.0312,0.9312,0.10716597748213927,0.8761766063978815,0.12382339360211869,0.8928340225178608,6.0
6,poly4_52551.uai,10,0.10716597748213923,0.8761766063978813,0.12382339360211873,0.8928340225178608,0.06879999999999999,0.9688,0.0312,0.9312,0.10716597748213927,0.8761766063978815,0.12382339360211869,0.8928340225178608,7.0
7,poly4_52551.uai,10,0.10716597748213923,0.8761766063978813,0.12382339360211873,0.8928340225178608,0.06879999999999999,0.9688,0.0312,0.9312,0.10716597748213927,0.8761766063978815,0.12382339360211869,0.8928340225178608,8.0
8,poly4_52551.uai,10,0.10716597748213923,0.8761766063978813,0.12382339360211873,0.8928340225178608,0.06879999999999999,0.9688,0.0312,0.9312,0.10716597748213927,0.8761766063978815,0.12382339360211869,0.8928340225178608,9.0
9,poly4_52551.uai,10,0.10716597748213923,0.9274095545213331,0.07259044547866687,0.8928340225178608,0.06879999999999999,0.9688,0.0312,0.9312,0.10716597748213927,0.9274095545213332,0.07259044547866686,0.8928340225178608,10.0
10,poly4_52961.uai,10,0.8688382162490051,0.8688382162490051,0.13116178375099485,0.13116178375099485,0.508,0.97,0.03,0.492,0.8688382162490051,0.8688382162490051,0.13116178375099485,0.13116178375099485,1.0
11,poly4_52961.uai,10,0.6297561062084899,0.8688382162490051,0.13116178375099485,0.3702438937915102,0.508,0.97,0.03,0.492,0.6297561062084921,0.8688382162490051,0.13116178375099485,0.37024389379150785,2.0
12,poly4_52961.uai,10,0.6297561062084899,0.8688382162490051,0.13116178375099485,0.3702438937915102,0.508,0.97,0.03,0.492,0.6297561062084921,0.8688382162490051,0.13116178375099485,0.37024389379150785,3.0
13,poly4_52961.uai,10,0.5990203298057751,0.8688382162490051,0.13116178375099485,0.4009796701942249,0.508,0.97,0.03,0.492,0.5990203298057726,0.8688382162490051,0.13116178375099485,0.4009796701942276,4.0
14,poly4_52961.uai,10,0.5962864728004456,0.8688382162490051,0.13116178375099485,0.4037135271995547,0.508,0.97,0.03,0.492,0.5962864728004462,0.8688382162490051,0.13116178375099485,0.4037135271995539,5.0
15,poly4_52961.uai,10,0.5962864728004456,0.9016504948084364,0.09834950519156357,0.4037135271995547,0.508,0.97,0.03,0.492,0.5962864728004462,0.9016504948084363,0.09834950519156367,0.4037135271995539,6.0
16,poly4_52961.uai,10,0.4978049094465583,0.9016504948084364,0.09834950519156357,0.5021950905534417,0.508,0.97,0.03,0.492,0.497804909446559,0.9016504948084363,0.09834950519156367,0.5021950905534409,7.0
17,poly4_52961.uai,10,0.4978049094465583,0.9016504948084364,0.09834950519156357,0.5021950905534417,0.508,0.97,0.03,0.492,0.497804909446559,0.9016504948084363,0.09834950519156367,0.5021950905534409,8.0
18,poly4_52961.uai,10,0.4978049094465583,0.9016504948084364,0.09834950519156357,0.5021950905534417,0.508,0.97,0.03,0.492,0.497804909446559,0.9016504948084363,0.09834950519156367,0.5021950905534409,9.0
19,poly4_52961.uai,10,0.4978049094465583,0.9591072309526044,0.04089276904739548,0.5021950905534417,0.508,0.97,0.03,0.492,0.497804909446559,0.9591072309526043,0.04089276904739569,0.5021950905534409,10.0
20,poly4_73359.uai,10,0.16154896428717974,0.16154896428717974,0.8384510357128202,0.8384510357128202,0.07840000000000001,0.4484000000000001,0.5516000000000002,0.9216000000000002,0.16154896428717974,0.16154896428717974,0.8384510357128202,0.8384510357128202,1.0
21,poly4_73359.uai,10,0.13777660150392798,0.4169956642808806,0.5830043357191197,0.862223398496072,0.07840000000000001,0.4484000000000001,0.5516000000000002,0.9216000000000002,0.16154896428717974,0.3932233014976283,0.6067766985023717,0.8384510357128202,2.0
22,poly4_73359.uai,10,0.13777660150392798,0.4169956642808806,0.5830043357191197,0.862223398496072,0.07840000000000001,0.4484000000000001,0.5516000000000002,0.9216000000000002,0.16154896428717974,0.3932233014976283,0.6067766985023717,0.8384510357128202,3.0
23,poly4_73359.uai,10,0.13565245067719117,0.430540539086429,0.569459460913571,0.8643475493228088,0.07840000000000001,0.4484000000000001,0.5516000000000002,0.9216000000000002,0.16154896428717974,0.4046440254764413,0.5953559745235584,0.8384510357128202,4.0
24,poly4_73359.uai,10,0.13565245067719117,0.430540539086429,0.569459460913571,0.8643475493228088,0.07840000000000001,0.4484000000000001,0.5516000000000002,0.9216000000000002,0.16154896428717974,0.4046440254764413,0.5953559745235584,0.8384510357128202,5.0
25,poly4_73359.uai,10,0.13565245067719117,0.430540539086429,0.569459460913571,0.8643475493228088,0.07840000000000001,0.4484000000000001,0.5516000000000002,0.9216000000000002,0.16154896428717974,0.4046440254764413,0.5953559745235584,0.8384510357128202,6.0
26,poly4_73359.uai,10,0.13565245067719117,0.430540539086429,0.569459460913571,0.8643475493228088,0.07840000000000001,0.4484000000000001,0.5516000000000002,0.9216000000000002,0.16154896428717974,0.40513804025655403,0.594861959743446,0.8384510357128202,7.0
27,poly4_73359.uai,10,0.13565245067719117,0.430540539086429,0.569459460913571,0.8643475493228088,0.07840000000000001,0.4484000000000001,0.5516000000000002,0.9216000000000002,0.16154896428717974,0.40513804025655403,0.594861959743446,0.8384510357128202,8.0
28,poly4_73359.uai,10,0.13565245067719117,0.430540539086429,0.569459460913571,0.8643475493228088,0.07840000000000001,0.4484000000000001,0.5516000000000002,0.9216000000000002,0.16154896428717974,0.40513804025655403,0.594861959743446,0.8384510357128202,9.0
29,poly4_73359.uai,10,0.13565245067719117,0.430540539086429,0.569459460913571,0.8643475493228088,0.07840000000000001,0.4484000000000001,0.5516000000000002,0.9216000000000002,0.16154896428717974,0.40513804025655403,0.594861959743446,0.8384510357128202,10.0
30,poly6_11613.uai,10,0.5126512574890207,0.5126512574890207,0.48734874251097926,0.48734874251097926,0.47795494999999993,0.5082863,0.4917137,0.52204505,0.5126512574890207,0.5126512574890207,0.48734874251097926,0.48734874251097926,1.0
31,poly6_11613.uai,10,0.4883768337034499,0.5242908245434159,0.47570917545658414,0.51162316629655,0.47795494999999993,0.5082863,0.4917137,0.52204505,0.5001150703294637,0.5126512574890207,0.48734874251097926,0.4998849296705362,2.0
32,poly6_11613.uai,10,0.4860277531758165,0.5277725220329551,0.47222747796704495,0.5139722468241835,0.47795494999999993,0.5082863,0.4917137,0.52204505,0.5001150703294637,0.5126512574890207,0.48734874251097926,0.4998849296705362,3.0
33,poly6_11613.uai,10,0.47870649928201375,0.5292635865665284,0.4707364134334719,0.5212935007179863,0.47795494999999993,0.5082863,0.4917137,0.52204505,0.49703564662859623,0.5126512574890207,0.48734874251097926,0.5029643533714035,4.0
34,poly6_11613.uai,10,0.47870649928201375,0.5292635865665284,0.4707364134334719,0.5212935007179863,0.47795494999999993,0.5082863,0.4917137,0.52204505,0.49703564662859623,0.5126512574890207,0.48734874251097926,0.5029643533714035,5.0
35,poly6_11613.uai,10,0.47870649928201375,0.5292635865665284,0.4707364134334719,0.5212935007179863,0.47795494999999993,0.5082863,0.4917137,0.52204505,0.49703564662859623,0.5126512574890207,0.48734874251097926,0.5029643533714035,6.0
36,poly6_11613.uai,10,0.4669791642896985,0.5417411156021784,0.45825888439782153,0.5330208357103015,0.47795494999999993,0.5082863,0.4917137,0.52204505,0.49703564662859623,0.5126512574890207,0.48734874251097926,0.5029643533714035,7.0
37,poly6_11613.uai,10,0.4669791642896985,0.5417411156021784,0.45825888439782153,0.5330208357103015,0.47795494999999993,0.5082863,0.4917137,0.52204505,0.4958192572255699,0.5126512574890207,0.48734874251097926,0.50418074277443,8.0
38,poly6_11613.uai,10,0.4669791642896985,0.5417411156021784,0.45825888439782153,0.5330208357103015,0.47795494999999993,0.5082863,0.4917137,0.52204505,0.4958192572255699,0.5126512574890207,0.48734874251097926,0.50418074277443,9.0
39,poly6_11613.uai,10,0.4669791642896985,0.5418781807261058,0.45812181927389445,0.5330208357103015,0.47795494999999993,0.5082863,0.4917137,0.52204505,0.4958192572255699,0.5148902445541282,0.4851097554458716,0.50418074277443,10.0
40,poly4_58657.uai,10,0.5241096404882837,0.5241096404882837,0.4758903595117164,0.4758903595117164,0.012,0.662,0.33799999999999997,0.988,0.5241096404882837,0.5241096404882837,0.4758903595117164,0.4758903595117164,1.0
41,poly4_58657.uai,10,0.19413671223479784,0.5241096404882837,0.4758903595117164,0.8058632877652019,0.012,0.662,0.33799999999999997,0.988,0.19413671223479784,0.5241096404882837,0.4758903595117164,0.8058632877652023,2.0
42,poly4_58657.uai,10,0.19413671223479784,0.5241096404882837,0.4758903595117164,0.8058632877652019,0.012,0.662,0.33799999999999997,0.988,0.19413671223479784,0.5241096404882837,0.4758903595117164,0.8058632877652023,3.0
43,poly4_58657.uai,10,0.14828346508477966,0.5241096404882837,0.4758903595117164,0.8517165349152206,0.012,0.662,0.33799999999999997,0.988,0.14828346508477952,0.5241096404882837,0.4758903595117164,0.8517165349152203,4.0
44,poly4_58657.uai,10,0.14616642660573886,0.5241096404882837,0.4758903595117164,0.8538335733942611,0.012,0.662,0.33799999999999997,0.988,0.14616642660573875,0.5241096404882837,0.4758903595117164,0.8538335733942612,5.0
45,poly4_58657.uai,10,0.14616642660573886,0.5689961494176989,0.43100385058230134,0.8538335733942611,0.012,0.662,0.33799999999999997,0.988,0.14616642660573875,0.5689961494176987,0.4310038505823014,0.8538335733942612,6.0
46,poly4_58657.uai,10,0.011829642038160827,0.5689961494176989,0.43100385058230134,0.9881703579618394,0.012,0.662,0.33799999999999997,0.988,0.011829642038160785,0.5689961494176987,0.4310038505823014,0.988170357961839,7.0
47,poly4_58657.uai,10,0.011829642038160827,0.5689961494176989,0.43100385058230134,0.9881703579618394,0.012,0.662,0.33799999999999997,0.988,0.011829642038160785,0.5689961494176987,0.4310038505823014,0.988170357961839,8.0
48,poly4_58657.uai,10,0.011829642038160827,0.5689961494176989,0.43100385058230134,0.9881703579618394,0.012,0.662,0.33799999999999997,0.988,0.011829642038160785,0.5689961494176987,0.4310038505823014,0.988170357961839,9.0
49,poly4_58657.uai,10,0.011829642038160827,0.6472450768922474,0.35275492310775286,0.9881703579618394,0.012,0.662,0.33799999999999997,0.988,0.011829642038160785,0.6472450768922473,0.3527549231077528,0.988170357961839,10.0
50,poly4_77924.uai,10,0.26172605930134035,0.26172605930134035,0.7382739406986596,0.7382739406986596,0.2375,0.2775,0.7225,0.7625,0.26172605930134035,0.26172605930134035,0.7382739406986596,0.7382739406986596,1.0
51,poly4_77924.uai,10,0.25914079191101014,0.26172605930134035,0.7382739406986596,0.7408592080889899,0.2375,0.2775,0.7225,0.7625,0.25914079191101325,0.26172605930134035,0.7382739406986596,0.7408592080889868,2.0
52,poly4_77924.uai,10,0.24221280302811368,0.26969199134379407,0.7303080086562059,0.7577871969718863,0.2375,0.2775,0.7225,0.7625,0.2505789594792851,0.26172605930134035,0.7382739406986596,0.7494210405207149,3.0
53,poly4_77924.uai,10,0.2384672183970611,0.2706816443607142,0.7293183556392858,0.7615327816029391,0.2375,0.2775,0.7225,0.7625,0.24782302786514887,0.26172605930134035,0.7382739406986596,0.7521769721348511,4.0
54,poly4_77924.uai,10,0.2384672183970611,0.2706816443607142,0.7293183556392858,0.7615327816029391,0.2375,0.2775,0.7225,0.7625,0.24782302786514887,0.26172605930134035,0.7382739406986596,0.7521769721348511,5.0
55,poly4_77924.uai,10,0.2384672183970611,0.2731080950196843,0.7268919049803156,0.7615327816029391,0.2375,0.2775,0.7225,0.7625,0.24782302786514887,0.26494191794809047,0.7350580820519094,0.7521769721348511,6.0
56,poly4_77924.uai,10,0.2381983133014919,0.2731080950196843,0.7268919049803156,0.7618016866985083,0.2375,0.2775,0.7225,0.7625,0.24636257493824562,0.26494191794809047,0.7350580820519094,0.7536374250617544,7.0
57,poly4_77924.uai,10,0.2369541879429201,0.2736734733643789,0.7263265266356213,0.7630458120570799,0.2375,0.2775,0.7225,0.7625,0.24636257493824562,0.26494191794809047,0.7350580820519094,0.7536374250617544,8.0
58,poly4_77924.uai,10,0.2369541879429201,0.2736734733643789,0.7263265266356213,0.7630458120570799,0.2375,0.2775,0.7225,0.7625,0.24636257493824562,0.26494191794809047,0.7350580820519094,0.7536374250617544,9.0
59,poly4_77924.uai,10,0.2369541879429201,0.2736734733643789,0.7263265266356213,0.7630458120570799,0.2375,0.2775,0.7225,0.7625,0.24636257493824562,0.26494191794809047,0.7350580820519094,0.7536374250617544,10.0
60,poly4_33912.uai,10,0.7268352893743125,0.7268352893743125,0.2731647106256875,0.2731647106256875,0.6950000000000001,0.765,0.23500000000000001,0.305,0.7268352893743125,0.7268352893743125,0.2731647106256875,0.2731647106256875,1.0
61,poly4_33912.uai,10,0.6857870205415614,0.7268352893743125,0.2731647106256875,0.3142129794584389,0.6950000000000001,0.765,0.23500000000000001,0.305,0.6857870205415623,0.7268352893743125,0.2731647106256875,0.31421297945843807,2.0
62,poly4_33912.uai,10,0.6857870205415614,0.7490662965982101,0.25093370340179016,0.3142129794584389,0.6950000000000001,0.765,0.23500000000000001,0.305,0.6857870205415623,0.7490662965982079,0.2509337034017923,0.31421297945843807,3.0
63,poly4_33912.uai,10,0.6857870205415614,0.7490662965982101,0.25093370340179016,0.3142129794584389,0.6950000000000001,0.765,0.23500000000000001,0.305,0.6857870205415623,0.7490662965982079,0.2509337034017923,0.31421297945843807,4.0
64,poly4_33912.uai,10,0.6857870205415614,0.7490662965982101,0.25093370340179016,0.3142129794584389,0.6950000000000001,0.765,0.23500000000000001,0.305,0.6857870205415623,0.7490662965982079,0.2509337034017923,0.31421297945843807,5.0
65,poly4_33912.uai,10,0.6857870205415614,0.7490662965982101,0.25093370340179016,0.3142129794584389,0.6950000000000001,0.765,0.23500000000000001,0.305,0.6857870205415623,0.7490662965982079,0.2509337034017923,0.31421297945843807,6.0
66,poly4_33912.uai,10,0.6857870205415614,0.7490662965982101,0.25093370340179016,0.3142129794584389,0.6950000000000001,0.765,0.23500000000000001,0.305,0.6857870205415623,0.7490662965982079,0.2509337034017923,0.31421297945843807,7.0
67,poly4_33912.uai,10,0.6857870205415614,0.7490662965982101,0.25093370340179016,0.3142129794584389,0.6950000000000001,0.765,0.23500000000000001,0.305,0.6857870205415623,0.7490662965982079,0.2509337034017923,0.31421297945843807,8.0
68,poly4_33912.uai,10,0.6857870205415614,0.7490662965982101,0.25093370340179016,0.3142129794584389,0.6950000000000001,0.765,0.23500000000000001,0.305,0.6857870205415623,0.7490662965982079,0.2509337034017923,0.31421297945843807,9.0
69,poly4_33912.uai,10,0.6857870205415614,0.7490662965982101,0.25093370340179016,0.3142129794584389,0.6950000000000001,0.765,0.23500000000000001,0.305,0.6857870205415623,0.7490662965982079,0.2509337034017923,0.31421297945843807,10.0
70,poly4_82302.uai,10,0.7289344025735393,0.7289344025735393,0.27106559742646075,0.27106559742646075,0.538,0.79,0.21000000000000002,0.462,0.7289344025735391,0.7289344025735391,0.2710655974264607,0.2710655974264607,1.0
71,poly4_82302.uai,10,0.6025226146997267,0.7323818788253343,0.2676181211746657,0.3974773853002734,0.538,0.79,0.21000000000000002,0.462,0.6059700909515224,0.7289344025735391,0.2710655974264607,0.39402990904847757,2.0
72,poly4_82302.uai,10,0.6025226146997267,0.7323818788253343,0.2676181211746657,0.3974773853002734,0.538,0.79,0.21000000000000002,0.462,0.6059700909515224,0.7289344025735391,0.2710655974264607,0.39402990904847757,3.0
73,poly4_82302.uai,10,0.5840082780977088,0.736834849543821,0.26316515045617905,0.41599172190229117,0.538,0.79,0.21000000000000002,0.462,0.5919087250679909,0.7289344025735391,0.2710655974264607,0.40809127493200925,4.0
74,poly4_82302.uai,10,0.5840082780977088,0.736834849543821,0.26316515045617905,0.41599172190229117,0.538,0.79,0.21000000000000002,0.462,0.5881981338293507,0.7289344025735391,0.2710655974264607,0.4118018661706494,5.0
75,poly4_82302.uai,10,0.5840082780977088,0.7538953791561979,0.2461046208438021,0.41599172190229117,0.538,0.79,0.21000000000000002,0.462,0.5881981338293507,0.7462359923492528,0.2537640076507473,0.4118018661706494,6.0
76,poly4_82302.uai,10,0.5327036785479994,0.7538953791561979,0.2461046208438021,0.4672963214520006,0.538,0.79,0.21000000000000002,0.462,0.5366079416261115,0.7462359923492528,0.2537640076507473,0.4633920583738887,7.0
77,poly4_82302.uai,10,0.5327036785479994,0.7538953791561979,0.2461046208438021,0.4672963214520006,0.538,0.79,0.21000000000000002,0.462,0.5366079416261115,0.7462359923492528,0.2537640076507473,0.4633920583738887,8.0
78,poly4_82302.uai,10,0.5327036785479994,0.7538953791561979,0.2461046208438021,0.4672963214520006,0.538,0.79,0.21000000000000002,0.462,0.5366079416261115,0.7462359923492528,0.2537640076507473,0.4633920583738887,9.0
79,poly4_82302.uai,10,0.5327036785479994,0.7845979570704301,0.2154020429295699,0.4672963214520006,0.538,0.79,0.21000000000000002,0.462,0.5366079416261115,0.7845979570704293,0.21540204292957077,0.4633920583738887,10.0
80,poly4_58959.uai,10,0.1446567861553375,0.1446567861553375,0.8553432138446625,0.8553432138446625,0.028200000000000006,0.18660000000000002,0.8134000000000002,0.9718000000000002,0.14465678615533747,0.14465678615533747,0.8553432138446624,0.8553432138446624,1.0
81,poly4_58959.uai,10,0.02397272320490881,0.1454538263697766,0.8545461736302234,0.9760272767950914,0.028200000000000006,0.18660000000000002,0.8134000000000002,0.9718000000000002,0.024769763419347855,0.14465678615533747,0.8553432138446624,0.9752302365806522,2.0
82,poly4_58959.uai,10,0.02397272320490881,0.15497166219495898,0.845028337805041,0.9760272767950914,0.028200000000000006,0.18660000000000002,0.8134000000000002,0.9718000000000002,0.024769763419347855,0.1547920206450431,0.845207979354957,0.9752302365806522,3.0
83,poly4_58959.uai,10,0.02397272320490881,0.15499426945803052,0.8450057305419697,0.9760272767950914,0.028200000000000006,0.18660000000000002,0.8134000000000002,0.9718000000000002,0.024769763419347855,0.1547920206450431,0.845207979354957,0.9752302365806522,4.0
84,poly4_58959.uai,10,0.02397272320490881,0.15499426945803052,0.8450057305419697,0.9760272767950914,0.028200000000000006,0.18660000000000002,0.8134000000000002,0.9718000000000002,0.024769763419347855,0.1547920206450431,0.845207979354957,0.9752302365806522,5.0
85,poly4_58959.uai,10,0.02397272320490881,0.15499426945803052,0.8450057305419697,0.9760272767950914,0.028200000000000006,0.18660000000000002,0.8134000000000002,0.9718000000000002,0.024769763419347855,0.1547920206450431,0.845207979354957,0.9752302365806522,6.0
86,poly4_58959.uai,10,0.012770102005286532,0.15500045076482072,0.8449995492351795,0.9872298979947135,0.028200000000000006,0.18660000000000002,0.8134000000000002,0.9718000000000002,0.013595930789587256,0.1547920206450431,0.845207979354957,0.9864040692104126,7.0
87,poly4_58959.uai,10,0.012770102005286532,0.15500045076482072,0.8449995492351795,0.9872298979947135,0.028200000000000006,0.18660000000000002,0.8134000000000002,0.9718000000000002,0.013595930789587256,0.1547920206450431,0.845207979354957,0.9864040692104126,8.0
88,poly4_58959.uai,10,0.012770102005286532,0.16127396184539314,0.8387260381546069,0.9872298979947135,0.028200000000000006,0.18660000000000002,0.8134000000000002,0.9718000000000002,0.013595930789587256,0.16121476732536666,0.8387852326746332,0.9864040692104126,9.0
89,poly4_58959.uai,10,0.012770102005286532,0.17251291158885368,0.8274870884111463,0.9872298979947135,0.028200000000000006,0.18660000000000002,0.8134000000000002,0.9718000000000002,0.013595930789587256,0.17248108438333315,0.8275189156166669,0.9864040692104126,10.0
90,poly6_39497.uai,10,0.03817143538257381,0.03817143538257381,0.9618285646174262,0.9618285646174262,0.03713376,0.044678079999999995,0.95532192,0.96286624,0.038171435382573816,0.038171435382573816,0.9618285646174264,0.9618285646174264,1.0
91,poly6_39497.uai,10,0.030914327217986634,0.0515558166706712,0.9484441833293288,0.9690856727820134,0.03713376,0.044678079999999995,0.95532192,0.96286624,0.038171435382573816,0.042503195150274106,0.9574968048497255,0.9618285646174264,2.0
92,poly6_39497.uai,10,0.023462358340292987,0.052450245486316216,0.9475497545136838,0.976537641659707,0.03713376,0.044678079999999995,0.95532192,0.96286624,0.02911120503053457,0.042503195150274106,0.9574968048497255,0.9708887949694653,3.0
93,poly6_39497.uai,10,0.0233150479693337,0.05248123046581848,0.9475187695341816,0.9766849520306663,0.03713376,0.044678079999999995,0.95532192,0.96286624,0.026571302513559047,0.042503195150274106,0.9574968048497255,0.9734286974864412,4.0
94,poly6_39497.uai,10,0.022664592712364783,0.052618045970884895,0.9473819540291151,0.9773354072876352,0.03713376,0.044678079999999995,0.95532192,0.96286624,0.026571302513559047,0.042503195150274106,0.9574968048497255,0.9734286974864412,5.0
95,poly6_39497.uai,10,0.02217773569579501,0.06395488775040133,0.9360451122495987,0.9778222643042049,0.03713376,0.044678079999999995,0.95532192,0.96286624,0.026571302513559047,0.042503195150274106,0.9574968048497255,0.9734286974864412,6.0
96,poly6_39497.uai,10,0.02203050429617716,0.07294104171900222,0.9270589582809978,0.9779694957038229,0.03713376,0.044678079999999995,0.95532192,0.96286624,0.026571302513559047,0.042503195150274106,0.9574968048497255,0.9734286974864412,7.0
97,poly6_39497.uai,10,0.020968595176785294,0.07294104171900222,0.9270589582809978,0.9790314048232147,0.03713376,0.044678079999999995,0.95532192,0.96286624,0.026571302513559047,0.042503195150274106,0.9574968048497255,0.9734286974864412,8.0
98,poly6_39497.uai,10,0.020968595176785294,0.07294104171900222,0.9270589582809978,0.9790314048232147,0.03713376,0.044678079999999995,0.95532192,0.96286624,0.026571302513559047,0.04617688849393128,0.9538231115060687,0.9734286974864412,9.0
99,poly6_39497.uai,10,0.02046822571393252,0.08773907579197135,0.9122609242080286,0.9795317742860675,0.03713376,0.044678079999999995,0.95532192,0.96286624,0.026571302513559047,0.06467456169733674,0.9353254383026635,0.9734286974864412,10.0
100,poly6_28808.uai,10,0.5763005535938147,0.5763005535938147,0.42369944640618523,0.42369944640618523,0.56274132,0.58180632,0.41819368000000007,0.43725868,0.5763005535938147,0.5763005535938147,0.42369944640618523,0.42369944640618523,1.0
101,poly6_28808.uai,10,0.5451311105477491,0.5876044891368287,0.4123955108631713,0.45486888945225096,0.56274132,0.58180632,0.41819368000000007,0.43725868,0.5575070099455799,0.5763005535938147,0.42369944640618523,0.44249299005441994,2.0
102,poly6_28808.uai,10,0.5448086368640379,0.5920726382374641,0.4079273617625359,0.4551913631359621,0.56274132,0.58180632,0.41819368000000007,0.43725868,0.5575070099455799,0.5806739965188977,0.4193260034811024,0.44249299005441994,3.0
103,poly6_28808.uai,10,0.5448086368640379,0.5920726382374641,0.4079273617625359,0.4551913631359621,0.56274132,0.58180632,0.41819368000000007,0.43725868,0.5575070099455799,0.5806739965188977,0.4193260034811024,0.44249299005441994,4.0
104,poly6_28808.uai,10,0.5448086368640379,0.5920726382374641,0.4079273617625359,0.4551913631359621,0.56274132,0.58180632,0.41819368000000007,0.43725868,0.5575070099455799,0.5806739965188977,0.4193260034811024,0.44249299005441994,5.0
105,poly6_28808.uai,10,0.5392984268440919,0.5968225949684195,0.40317740503158045,0.46070157315590815,0.56274132,0.58180632,0.41819368000000007,0.43725868,0.5575070099455799,0.5806739965188977,0.4193260034811024,0.44249299005441994,6.0
106,poly6_28808.uai,10,0.5392984268440919,0.5968225949684195,0.40317740503158045,0.46070157315590815,0.56274132,0.58180632,0.41819368000000007,0.43725868,0.5575070099455799,0.5806739965188977,0.4193260034811024,0.44249299005441994,7.0
107,poly6_28808.uai,10,0.5392984268440919,0.5968225949684195,0.40317740503158045,0.46070157315590815,0.56274132,0.58180632,0.41819368000000007,0.43725868,0.5575070099455799,0.5806739965188977,0.4193260034811024,0.44249299005441994,8.0
108,poly6_28808.uai,10,0.5392984268440919,0.5968225949684195,0.40317740503158045,0.46070157315590815,0.56274132,0.58180632,0.41819368000000007,0.43725868,0.5575070099455799,0.5806739965188977,0.4193260034811024,0.44249299005441994,9.0
109,poly6_28808.uai,10,0.5391763484487296,0.5970398601943998,0.4029601398056002,0.4608236515512703,0.56274132,0.58180632,0.41819368000000007,0.43725868,0.5575070099455799,0.5806739965188977,0.4193260034811024,0.44249299005441994,10.0
110,poly6_87150.uai,10,0.4877982676402955,0.4877982676402955,0.5122017323597045,0.5122017323597045,0.3003666400000001,0.7234746400000001,0.27652536,0.69963336,0.4877982676402956,0.4877982676402956,0.5122017323597046,0.5122017323597046,1.0
111,poly6_87150.uai,10,0.43370180753849624,0.5520740069894768,0.4479259930105231,0.5662981924615038,0.3003666400000001,0.7234746400000001,0.27652536,0.69963336,0.4877982676402956,0.4986968011530433,0.5013031988469568,0.5122017323597046,2.0
112,poly6_87150.uai,10,0.38936551293117466,0.6047433928407457,0.39525660715925454,0.6106344870688256,0.3003666400000001,0.7234746400000001,0.27652536,0.69963336,0.4877982676402956,0.5074843453060142,0.4925156546939859,0.5122017323597046,3.0
113,poly6_87150.uai,10,0.34590818333071005,0.6550594123485975,0.34494058765140273,0.65409181666929,0.3003666400000001,0.7234746400000001,0.27652536,0.69963336,0.4877982676402956,0.5181780004317643,0.48182199956823585,0.5122017323597046,4.0
114,poly6_87150.uai,10,0.3078557652516355,0.6998444759457194,0.30015552405428086,0.6921442347483645,0.3003666400000001,0.7234746400000001,0.27652536,0.69963336,0.4877982676402956,0.523654678675642,0.4763453213243578,0.5122017323597046,5.0
115,poly6_87150.uai,10,0.3078557652516355,0.6998444759457194,0.30015552405428086,0.6921442347483645,0.3003666400000001,0.7234746400000001,0.27652536,0.69963336,0.4877982676402956,0.523654678675642,0.4763453213243578,0.5122017323597046,6.0
116,poly6_87150.uai,10,0.3050024523161637,0.7011478857879355,0.2988521142120645,0.6949975476838364,0.3003666400000001,0.7234746400000001,0.27652536,0.69963336,0.4877982676402956,0.523654678675642,0.4763453213243578,0.5122017323597046,7.0
117,poly6_87150.uai,10,0.3015022911746669,0.7025509677250636,0.29744903227493635,0.6984977088253331,0.3003666400000001,0.7234746400000001,0.27652536,0.69963336,0.4877982676402956,0.523654678675642,0.4763453213243578,0.5122017323597046,8.0
118,poly6_87150.uai,10,0.3015022911746669,0.7025509677250636,0.29744903227493635,0.6984977088253331,0.3003666400000001,0.7234746400000001,0.27652536,0.69963336,0.4877982676402956,0.5241376374345662,0.47586236256543357,0.5122017323597046,9.0
119,poly6_87150.uai,10,0.3015022911746669,0.7035965380162099,0.29640346198379014,0.6984977088253331,0.3003666400000001,0.7234746400000001,0.27652536,0.69963336,0.4877982676402956,0.5241376374345662,0.47586236256543357,0.5122017323597046,10.0
120,poly6_59370.uai,10,0.5366513270469397,0.5366513270469397,0.46334867295306026,0.46334867295306026,0.42005087999999996,0.4624444800000001,0.53755552,0.57994912,0.5366513270469397,0.5366513270469397,0.46334867295306026,0.46334867295306026,1.0
121,poly6_59370.uai,10,0.3690160812857061,0.6585634452840156,0.34143655471598444,0.6309839187142942,0.42005087999999996,0.4624444800000001,0.53755552,0.57994912,0.5173516058243667,0.5366513270469397,0.46334867295306026,0.4826483941756333,2.0
122,poly6_59370.uai,10,0.35084875739739096,0.6676845788790726,0.3323154211209274,0.649151242602609,0.42005087999999996,0.4624444800000001,0.53755552,0.57994912,0.4764602478942336,0.5366513270469397,0.46334867295306026,0.5235397521057664,3.0
123,poly6_59370.uai,10,0.33746065416894594,0.6774663334363991,0.322533666563601,0.6625393458310541,0.42005087999999996,0.4624444800000001,0.53755552,0.57994912,0.46193013384609505,0.5366513270469397,0.46334867295306026,0.5380698661539047,4.0
124,poly6_59370.uai,10,0.33560808302951534,0.6814218400237791,0.3185781599762208,0.6643919169704847,0.42005087999999996,0.4624444800000001,0.53755552,0.57994912,0.46193013384609505,0.5366513270469397,0.46334867295306026,0.5380698661539047,5.0
125,poly6_59370.uai,10,0.2568124283249123,0.7101785005138318,0.2898214994861685,0.7431875716750878,0.42005087999999996,0.4624444800000001,0.53755552,0.57994912,0.4380734188355272,0.5366513270469397,0.46334867295306026,0.5619265811644724,6.0
126,poly6_59370.uai,10,0.22918787819268852,0.7189744619425416,0.28102553805745845,0.7708121218073115,0.42005087999999996,0.4624444800000001,0.53755552,0.57994912,0.41763980032371245,0.5366513270469397,0.46334867295306026,0.5823601996762878,7.0
127,poly6_59370.uai,10,0.22918787819268852,0.7189744619425416,0.28102553805745845,0.7708121218073115,0.42005087999999996,0.4624444800000001,0.53755552,0.57994912,0.41763980032371245,0.5366513270469397,0.46334867295306026,0.5823601996762878,8.0
128,poly6_59370.uai,10,0.2276185786320552,0.719585505451737,0.28041449454826295,0.7723814213679447,0.42005087999999996,0.4624444800000001,0.53755552,0.57994912,0.41763980032371245,0.5366513270469397,0.46334867295306026,0.5823601996762878,9.0
129,poly6_59370.uai,10,0.21315394025901055,0.7251883013167095,0.2748116986832905,0.7868460597409894,0.42005087999999996,0.4624444800000001,0.53755552,0.57994912,0.4087083434124673,0.5366513270469397,0.46334867295306026,0.5912916565875326,10.0
130,poly6_98512.uai,10,0.3533093281313395,0.3533093281313395,0.6466906718686606,0.6466906718686606,0.34579516000000005,0.40409116000000006,0.59590884,0.65420484,0.3533093281313394,0.3533093281313394,0.6466906718686605,0.6466906718686605,1.0
131,poly6_98512.uai,10,0.31564685897128036,0.37108590895631544,0.6289140910436846,0.6843531410287196,0.34579516000000005,0.40409116000000006,0.59590884,0.65420484,0.33560077494229923,0.3533093281313394,0.6466906718686605,0.6643992250577009,2.0
132,poly6_98512.uai,10,0.31564685897128036,0.39089892910828405,0.609101070891716,0.6843531410287196,0.34579516000000005,0.40409116000000006,0.59590884,0.65420484,0.33560077494229923,0.3761056002621366,0.6238943997378634,0.6643992250577009,3.0
133,poly6_98512.uai,10,0.31564685897128036,0.41833833421666095,0.5816616657833393,0.6843531410287196,0.34579516000000005,0.40409116000000006,0.59590884,0.65420484,0.33560077494229923,0.3761056002621366,0.6238943997378634,0.6643992250577009,4.0
134,poly6_98512.uai,10,0.31564685897128036,0.41833833421666095,0.5816616657833393,0.6843531410287196,0.34579516000000005,0.40409116000000006,0.59590884,0.65420484,0.33560077494229923,0.3761056002621366,0.6238943997378634,0.6643992250577009,5.0
135,poly6_98512.uai,10,0.29909726399252995,0.426372653509513,0.5736273464904873,0.7009027360074701,0.34579516000000005,0.40409116000000006,0.59590884,0.65420484,0.33560077494229923,0.3761056002621366,0.6238943997378634,0.6643992250577009,6.0
136,poly6_98512.uai,10,0.29909726399252995,0.426372653509513,0.5736273464904873,0.7009027360074701,0.34579516000000005,0.40409116000000006,0.59590884,0.65420484,0.33560077494229923,0.3761056002621366,0.6238943997378634,0.6643992250577009,7.0
137,poly6_98512.uai,10,0.29909726399252995,0.4417768446065828,0.5582231553934172,0.7009027360074701,0.34579516000000005,0.40409116000000006,0.59590884,0.65420484,0.33560077494229923,0.4008605632673768,0.5991394367326233,0.6643992250577009,8.0
138,poly6_98512.uai,10,0.2947830804756552,0.4417768446065828,0.5582231553934172,0.7052169195243447,0.34579516000000005,0.40409116000000006,0.59590884,0.65420484,0.33560077494229923,0.4008605632673768,0.5991394367326233,0.6643992250577009,9.0
139,poly6_98512.uai,10,0.2768427510411818,0.44180717001787656,0.5581928299821234,0.7231572489588185,0.34579516000000005,0.40409116000000006,0.59590884,0.65420484,0.2993259525827684,0.4008605632673768,0.5991394367326233,0.7006740474172319,10.0
140,poly6_63710.uai,10,0.7136051616924247,0.7136051616924247,0.28639483830757556,0.28639483830757556,0.66961,0.791875,0.20812500000000003,0.33039,0.7136051616924246,0.7136051616924246,0.2863948383075755,0.2863948383075755,1.0
141,poly6_63710.uai,10,0.6898907174441837,0.7772979195577646,0.2227020804422356,0.31010928255581655,0.66961,0.791875,0.20812500000000003,0.33039,0.7136051616924246,0.7520109899017754,0.24798901009822483,0.2863948383075755,2.0
142,poly6_63710.uai,10,0.6839586611510923,0.7814964760764448,0.21850352392355543,0.3160413388489078,0.66961,0.791875,0.20812500000000003,0.33039,0.7136051616924246,0.7534247041028019,0.2465752958971982,0.2863948383075755,3.0
143,poly6_63710.uai,10,0.6838740809765408,0.7825696996495928,0.21743030035040717,0.3161259190234595,0.66961,0.791875,0.20812500000000003,0.33039,0.7136051616924246,0.7534247041028019,0.2465752958971982,0.2863948383075755,4.0
144,poly6_63710.uai,10,0.6838074675486598,0.7825696996495928,0.21743030035040717,0.31619253245134016,0.66961,0.791875,0.20812500000000003,0.33039,0.712543499876096,0.7534247041028019,0.2465752958971982,0.2874565001239039,5.0
145,poly6_63710.uai,10,0.6838074675486598,0.8209362998536252,0.1790637001463748,0.31619253245134016,0.66961,0.791875,0.20812500000000003,0.33039,0.712543499876096,0.8032694551684929,0.19673054483150673,0.2874565001239039,6.0
146,poly6_63710.uai,10,0.6838074675486598,0.8291232569300533,0.17087674306994666,0.31619253245134016,0.66961,0.791875,0.20812500000000003,0.33039,0.712543499876096,0.8032694551684929,0.19673054483150673,0.2874565001239039,7.0
147,poly6_63710.uai,10,0.6838074675486598,0.8291232569300533,0.17087674306994666,0.31619253245134016,0.66961,0.791875,0.20812500000000003,0.33039,0.712543499876096,0.8032694551684929,0.19673054483150673,0.2874565001239039,8.0
148,poly6_63710.uai,10,0.6838074675486598,0.8291232569300533,0.17087674306994666,0.31619253245134016,0.66961,0.791875,0.20812500000000003,0.33039,0.712543499876096,0.8032694551684929,0.19673054483150673,0.2874565001239039,9.0
149,poly6_63710.uai,10,0.6838074675486598,0.8299540864838901,0.17004591351611012,0.31619253245134016,0.66961,0.791875,0.20812500000000003,0.33039,0.712543499876096,0.8173357890907986,0.18266421090920149,0.2874565001239039,10.0
150,poly6_56998.uai,10,0.5683827443951663,0.5683827443951663,0.43161725560483366,0.43161725560483366,0.544517,0.5629850000000001,0.437015,0.455483,0.5683827443951663,0.5683827443951663,0.43161725560483366,0.43161725560483366,1.0
151,poly6_56998.uai,10,0.5201805936064499,0.5737892286166036,0.4262107713833964,0.47981940639355014,0.544517,0.5629850000000001,0.437015,0.455483,0.5264184452716818,0.5683827443951663,0.43161725560483366,0.473581554728318,2.0
152,poly6_56998.uai,10,0.517292364497431,0.5878474582670445,0.4121525417329555,0.482707635502569,0.544517,0.5629850000000001,0.437015,0.455483,0.5264184452716818,0.5734415804944575,0.42655841950554274,0.473581554728318,3.0
153,poly6_56998.uai,10,0.5064420241306022,0.5890442973628427,0.41095570263715736,0.49355797586939804,0.544517,0.5629850000000001,0.437015,0.455483,0.5264184452716818,0.5734415804944575,0.42655841950554274,0.473581554728318,4.0
154,poly6_56998.uai,10,0.5060866740588756,0.5895640956434043,0.4104359043565957,0.4939133259411244,0.544517,0.5629850000000001,0.437015,0.455483,0.5264184452716818,0.5734415804944575,0.42655841950554274,0.473581554728318,5.0
155,poly6_56998.uai,10,0.5035556833450453,0.5915809956895556,0.4084190043104444,0.49644431665495475,0.544517,0.5629850000000001,0.437015,0.455483,0.5264184452716818,0.5734415804944575,0.42655841950554274,0.473581554728318,6.0
156,poly6_56998.uai,10,0.5035556833450453,0.6069212791800827,0.3930787208199176,0.49644431665495475,0.544517,0.5629850000000001,0.437015,0.455483,0.5264184452716818,0.5734415804944575,0.42655841950554274,0.473581554728318,7.0
157,poly6_56998.uai,10,0.5035556833450453,0.6069212791800827,0.3930787208199176,0.49644431665495475,0.544517,0.5629850000000001,0.437015,0.455483,0.5264184452716818,0.5734415804944575,0.42655841950554274,0.473581554728318,8.0
158,poly6_56998.uai,10,0.4976188341621705,0.6091940827684614,0.39080591723153857,0.5023811658378295,0.544517,0.5629850000000001,0.437015,0.455483,0.5264184452716818,0.5734415804944575,0.42655841950554274,0.473581554728318,9.0
159,poly6_56998.uai,10,0.4976188341621705,0.6091940827684614,0.39080591723153857,0.5023811658378295,0.544517,0.5629850000000001,0.437015,0.455483,0.5264184452716818,0.5734415804944575,0.42655841950554274,0.473581554728318,10.0
160,poly4_70842.uai,10,0.5277750588951149,0.5277750588951149,0.47222494110488517,0.47222494110488517,0.4036,0.8236000000000002,0.17640000000000003,0.5964,0.5277750588951149,0.5277750588951149,0.47222494110488517,0.47222494110488517,1.0
161,poly4_70842.uai,10,0.44408660170660813,0.5296576213267582,0.4703423786732418,0.5559133982933916,0.4036,0.8236000000000002,0.17640000000000003,0.5964,0.4459691641382516,0.5277750588951149,0.47222494110488517,0.5540308358617485,2.0
162,poly4_70842.uai,10,0.43878402523770316,0.7653812479899095,0.23461875201009055,0.5612159747622968,0.4036,0.8236000000000002,0.17640000000000003,0.5964,0.4459691641382516,0.758196109089361,0.241803890910639,0.5540308358617485,3.0
163,poly4_70842.uai,10,0.43878402523770316,0.7653812479899095,0.23461875201009055,0.5612159747622968,0.4036,0.8236000000000002,0.17640000000000003,0.5964,0.4459691641382516,0.758196109089361,0.241803890910639,0.5540308358617485,4.0
164,poly4_70842.uai,10,0.43878402523770316,0.7653812479899095,0.23461875201009055,0.5612159747622968,0.4036,0.8236000000000002,0.17640000000000003,0.5964,0.4459691641382516,0.758196109089361,0.241803890910639,0.5540308358617485,5.0
165,poly4_70842.uai,10,0.4101100374088872,0.7660262661210282,0.23397373387897205,0.5898899625911126,0.4036,0.8236000000000002,0.17640000000000003,0.5964,0.41794019444055464,0.758196109089361,0.241803890910639,0.5820598055594455,6.0
166,poly4_70842.uai,10,0.4101100374088872,0.7660262661210282,0.23397373387897205,0.5898899625911126,0.4036,0.8236000000000002,0.17640000000000003,0.5964,0.41794019444055464,0.758196109089361,0.241803890910639,0.5820598055594455,7.0
167,poly4_70842.uai,10,0.4101100374088872,0.7660262661210282,0.23397373387897205,0.5898899625911126,0.4036,0.8236000000000002,0.17640000000000003,0.5964,0.41794019444055464,0.758196109089361,0.241803890910639,0.5820598055594455,8.0
168,poly4_70842.uai,10,0.4095340839799381,0.7916300140079537,0.20836998599204623,0.5904659160200622,0.4036,0.8236000000000002,0.17640000000000003,0.5964,0.41794019444055464,0.7832239035473373,0.21677609645266263,0.5820598055594455,9.0
169,poly4_70842.uai,10,0.4088686181529265,0.8212129948632809,0.1787870051367191,0.5911313818470733,0.4036,0.8236000000000002,0.17640000000000003,0.5964,0.41794019444055464,0.8121414185756534,0.18785858142434664,0.5820598055594455,10.0
170,poly6_42643.uai,10,0.3971276300432595,0.3971276300432595,0.6028723699567405,0.6028723699567405,0.36074439999999997,0.37629303999999997,0.62370696,0.6392556,0.39712763004325946,0.39712763004325946,0.6028723699567404,0.6028723699567404,1.0
171,poly6_42643.uai,10,0.36235880529872083,0.40488495424355253,0.5951150457564475,0.6376411947012791,0.36074439999999997,0.37629303999999997,0.62370696,0.6392556,0.3650000134955279,0.39712763004325946,0.6028723699567404,0.6349999865044724,2.0
172,poly6_42643.uai,10,0.3563075470731103,0.4352492310735004,0.5647507689264997,0.6436924529268899,0.36074439999999997,0.37629303999999997,0.62370696,0.6392556,0.3650000134955279,0.39712763004325946,0.6028723699567404,0.6349999865044724,3.0
173,poly6_42643.uai,10,0.3134248130464064,0.4365107117869848,0.5634892882130152,0.6865751869535937,0.36074439999999997,0.37629303999999997,0.62370696,0.6392556,0.31678830671560165,0.39712763004325946,0.6028723699567404,0.6832116932843982,4.0
174,poly6_42643.uai,10,0.31215686729782394,0.4374747909588613,0.5625252090411389,0.6878431327021761,0.36074439999999997,0.37629303999999997,0.62370696,0.6392556,0.31678830671560165,0.39712763004325946,0.6028723699567404,0.6832116932843982,5.0
175,poly6_42643.uai,10,0.2846388335828343,0.4583980545805685,0.5416019454194315,0.7153611664171656,0.36074439999999997,0.37629303999999997,0.62370696,0.6392556,0.3086293179298126,0.39712763004325946,0.6028723699567404,0.6913706820701877,6.0
176,poly6_42643.uai,10,0.28220568581022715,0.4678996325101042,0.5321003674898958,0.717794314189773,0.36074439999999997,0.37629303999999997,0.62370696,0.6392556,0.3086293179298126,0.39712763004325946,0.6028723699567404,0.6913706820701877,7.0
177,poly6_42643.uai,10,0.28220568581022715,0.46793731304297576,0.5320626869570243,0.717794314189773,0.36074439999999997,0.37629303999999997,0.62370696,0.6392556,0.3086293179298126,0.39712763004325946,0.6028723699567404,0.6913706820701877,8.0
178,poly6_42643.uai,10,0.28220568581022715,0.46793731304297576,0.5320626869570243,0.717794314189773,0.36074439999999997,0.37629303999999997,0.62370696,0.6392556,0.3086293179298126,0.39712763004325946,0.6028723699567404,0.6913706820701877,9.0
179,poly6_42643.uai,10,0.24903179734064568,0.480998990276193,0.519001009723807,0.7509682026593544,0.36074439999999997,0.37629303999999997,0.62370696,0.6392556,0.28830159739603206,0.39712763004325946,0.6028723699567404,0.711698402603968,10.0
180,poly4_12181.uai,10,0.8390320476219654,0.8390320476219654,0.16096795237803463,0.16096795237803463,0.8072,0.98,0.02,0.19280000000000003,0.8390320476219654,0.8390320476219654,0.16096795237803463,0.16096795237803463,1.0
181,poly4_12181.uai,10,0.8348591463296742,0.8390391548027137,0.16096084519728623,0.16514085367032588,0.8072,0.98,0.02,0.19280000000000003,0.8348663168270424,0.8390320476219654,0.16096795237803463,0.16513368317295785,2.0
182,poly4_12181.uai,10,0.8348591463296742,0.967468372505318,0.03253162749468194,0.16514085367032588,0.8072,0.98,0.02,0.19280000000000003,0.8348663168270424,0.967468372505318,0.0325316274946819,0.16513368317295785,3.0
183,poly4_12181.uai,10,0.8348591463296742,0.967468372505318,0.03253162749468194,0.16514085367032588,0.8072,0.98,0.02,0.19280000000000003,0.8348663168270424,0.967468372505318,0.0325316274946819,0.16513368317295785,4.0
184,poly4_12181.uai,10,0.8348591463296742,0.967468372505318,0.03253162749468194,0.16514085367032588,0.8072,0.98,0.02,0.19280000000000003,0.8348663168270424,0.967468372505318,0.0325316274946819,0.16513368317295785,5.0
185,poly4_12181.uai,10,0.8347364350670006,0.9707816150078921,0.029218384992108118,0.1652635649329994,0.8072,0.98,0.02,0.19280000000000003,0.8348663168270424,0.9706042919158988,0.029395708084100997,0.16513368317295785,6.0
186,poly4_12181.uai,10,0.8347364350670006,0.9707816150078921,0.029218384992108118,0.1652635649329994,0.8072,0.98,0.02,0.19280000000000003,0.8348663168270424,0.9706042919158988,0.029395708084100997,0.16513368317295785,7.0
187,poly4_12181.uai,10,0.8347364350670006,0.9707816150078921,0.029218384992108118,0.1652635649329994,0.8072,0.98,0.02,0.19280000000000003,0.8348663168270424,0.9706042919158988,0.029395708084100997,0.16513368317295785,8.0
188,poly4_12181.uai,10,0.8347364350670006,0.9707840445035886,0.029215955496411435,0.1652635649329994,0.8072,0.98,0.02,0.19280000000000003,0.8348663168270424,0.9706042919158988,0.029395708084100997,0.16513368317295785,9.0
189,poly4_12181.uai,10,0.8282598999948513,0.9707840445035886,0.029215955496411435,0.17174010000514867,0.8072,0.98,0.02,0.19280000000000003,0.8284288857226176,0.9706042919158988,0.029395708084100997,0.1715711142773822,10.0
190,poly6_46754.uai,10,0.803751744267183,0.803751744267183,0.19624825573281698,0.19624825573281698,0.8112868000000001,0.8155418000000001,0.1844582,0.18871320000000003,0.8037517442671827,0.8037517442671827,0.1962482557328169,0.1962482557328169,1.0
191,poly6_46754.uai,10,0.7938552926860101,0.8047029372289674,0.19529706277103268,0.20614470731398993,0.8112868000000001,0.8155418000000001,0.1844582,0.18871320000000003,0.7944792112847711,0.8037517442671827,0.1962482557328169,0.205520788715229,2.0
192,poly6_46754.uai,10,0.7903159805752992,0.8098073335457426,0.19019266645425736,0.2096840194247008,0.8112868000000001,0.8155418000000001,0.1844582,0.18871320000000003,0.7944792112847711,0.8046613813958159,0.1953386186041838,0.205520788715229,3.0
193,poly6_46754.uai,10,0.7876292238896585,0.8135436227538122,0.18645637724618777,0.2123707761103415,0.8112868000000001,0.8155418000000001,0.1844582,0.18871320000000003,0.7944792112847711,0.8046613813958159,0.1953386186041838,0.205520788715229,4.0
194,poly6_46754.uai,10,0.7876292238896585,0.8135436227538122,0.18645637724618777,0.2123707761103415,0.8112868000000001,0.8155418000000001,0.1844582,0.18871320000000003,0.7944792112847711,0.8046613813958159,0.1953386186041838,0.205520788715229,5.0
195,poly6_46754.uai,10,0.7800596441901346,0.8140381084415611,0.18596189155843892,0.2199403558098654,0.8112868000000001,0.8155418000000001,0.1844582,0.18871320000000003,0.7915150467323309,0.8046613813958159,0.1953386186041838,0.2084849532676689,6.0
196,poly6_46754.uai,10,0.7800596441901346,0.8150627149894449,0.18493728501055498,0.2199403558098654,0.8112868000000001,0.8155418000000001,0.1844582,0.18871320000000003,0.7915150467323309,0.8046613813958159,0.1953386186041838,0.2084849532676689,7.0
197,poly6_46754.uai,10,0.7800596441901346,0.8150627149894449,0.18493728501055498,0.2199403558098654,0.8112868000000001,0.8155418000000001,0.1844582,0.18871320000000003,0.7915150467323309,0.8046613813958159,0.1953386186041838,0.2084849532676689,8.0
198,poly6_46754.uai,10,0.7800596441901346,0.8150627149894449,0.18493728501055498,0.2199403558098654,0.8112868000000001,0.8155418000000001,0.1844582,0.18871320000000003,0.7915150467323309,0.8046613813958159,0.1953386186041838,0.2084849532676689,9.0
199,poly6_46754.uai,10,0.7800596441901346,0.8150627149894449,0.18493728501055498,0.2199403558098654,0.8112868000000001,0.8155418000000001,0.1844582,0.18871320000000003,0.7915150467323309,0.8046613813958159,0.1953386186041838,0.2084849532676689,10.0
